model,fold,record_id,representative_cluster_id,y_log10_brightness_plus_one,prediction_log10_brightness_plus_one
mean_baseline,1,1AFJZ,cluster:45EFN,1.8976270912904414,1.305471413089426
mean_baseline,1,1BEMJ,cluster:Y46HX,1.8729134416203952,1.305471413089426
mean_baseline,1,1VSM7,cluster:45EFN,1.8300109359361179,1.305471413089426
mean_baseline,1,2BJM7,cluster:O8SH6,1.4387005329007363,1.305471413089426
mean_baseline,1,2G7N6,cluster:45EFN,1.828917561616686,1.305471413089426
mean_baseline,1,3DUUH,cluster:45EFN,1.7427251313046983,1.305471413089426
mean_baseline,1,444PN,cluster:45EFN,1.2895889525425968,1.305471413089426
mean_baseline,1,45EFN,cluster:45EFN,0.15228834438305647,1.305471413089426
mean_baseline,1,4BUSQ,cluster:4BUSQ,0.6148972160331346,1.305471413089426
mean_baseline,1,4O71N,cluster:45EFN,1.4329692908744058,1.305471413089426
mean_baseline,1,588N2,cluster:45EFN,1.1986570869544226,1.305471413089426
mean_baseline,1,5CEBO,cluster:45EFN,1.8382192219076259,1.305471413089426
mean_baseline,1,5DP2R,cluster:45EFN,1.2027606873932,1.305471413089426
mean_baseline,1,5EU5J,cluster:5EU5J,2.007064656378332,1.305471413089426
mean_baseline,1,5GR1V,cluster:45EFN,1.5538830266438743,1.305471413089426
mean_baseline,1,5YCFA,cluster:45EFN,1.130333768495006,1.305471413089426
mean_baseline,1,68RZA,cluster:68RZA,0.6106601630898799,1.305471413089426
mean_baseline,1,6LJKY,cluster:45EFN,0.6683859166900001,1.305471413089426
mean_baseline,1,6VVTK,cluster:45EFN,1.7570922201189325,1.305471413089426
mean_baseline,1,73TKS,cluster:73TKS,1.6966184592322249,1.305471413089426
mean_baseline,1,782GK,cluster:782GK,1.6933751510251853,1.305471413089426
mean_baseline,1,86FNG,cluster:45EFN,1.0346284566253203,1.305471413089426
mean_baseline,1,893F3,cluster:45EFN,1.6127838567197355,1.305471413089426
mean_baseline,1,8BUQQ,cluster:8BUQQ,1.8707549448901402,1.305471413089426
mean_baseline,1,8PKAY,cluster:O8SH6,0.8382192219076258,1.305471413089426
mean_baseline,1,9GUD2,cluster:45EFN,0.7160033436347992,1.305471413089426
mean_baseline,1,A3B6M,cluster:45EFN,1.3161800988934527,1.305471413089426
mean_baseline,1,A6URG,cluster:A6URG,0.9057958803678685,1.305471413089426
mean_baseline,1,AL871,cluster:45EFN,0.3979400086720376,1.305471413089426
mean_baseline,1,AQ8G3,cluster:45EFN,1.7692295817365937,1.305471413089426
mean_baseline,1,BXYZE,cluster:Y46HX,1.6454222693490919,1.305471413089426
mean_baseline,1,CC2YL,cluster:45EFN,0.7774268223893114,1.305471413089426
mean_baseline,1,CN92E,cluster:45EFN,1.2664668954402414,1.305471413089426
mean_baseline,1,CQCQT,cluster:45EFN,1.0976043288744108,1.305471413089426
mean_baseline,1,CS45L,cluster:45EFN,0.1673173347481761,1.305471413089426
mean_baseline,1,DCYCK,cluster:45EFN,1.13481437032046,1.305471413089426
mean_baseline,1,DFXUK,cluster:45EFN,1.686725621074542,1.305471413089426
mean_baseline,1,EGE3L,cluster:45EFN,1.7015679850559273,1.305471413089426
mean_baseline,1,EY2GX,cluster:45EFN,1.0472748673841794,1.305471413089426
mean_baseline,1,FLO5T,cluster:45EFN,0.48287358360875376,1.305471413089426
mean_baseline,1,FRM5D,cluster:45EFN,1.4800069429571505,1.305471413089426
mean_baseline,1,FVS3D,cluster:45EFN,1.8512583487190752,1.305471413089426
mean_baseline,1,G1DQY,cluster:45EFN,1.686725621074542,1.305471413089426
mean_baseline,1,G6HDH,cluster:45EFN,1.6988831367525903,1.305471413089426
mean_baseline,1,GJDTN,cluster:Y46HX,1.187520720836463,1.305471413089426
mean_baseline,1,GSCT9,cluster:GSCT9,1.919810020170196,1.305471413089426
mean_baseline,1,GW5EB,cluster:GW5EB,0.6627578316815741,1.305471413089426
mean_baseline,1,H6RGM,cluster:45EFN,0.29885307640970665,1.305471413089426
mean_baseline,1,HQZZC,cluster:45EFN,0.9666109866819343,1.305471413089426
mean_baseline,1,HZMZV,cluster:45EFN,1.7109631189952756,1.305471413089426
mean_baseline,1,JGCGO,cluster:782GK,1.3677285460869766,1.305471413089426
mean_baseline,1,JMXXU,cluster:45EFN,1.1746411926604485,1.305471413089426
mean_baseline,1,JTXCJ,cluster:Y46HX,1.7745169657285496,1.305471413089426
mean_baseline,1,JVYE5,cluster:45EFN,0.8426092396105621,1.305471413089426
mean_baseline,1,JXVU8,cluster:45EFN,0.2695129442179163,1.305471413089426
mean_baseline,1,MEFJC,cluster:8BUQQ,1.8546703318953355,1.305471413089426
mean_baseline,1,MSSUL,cluster:45EFN,1.0603200286882852,1.305471413089426
mean_baseline,1,N33JN,cluster:45EFN,0.6830470382388496,1.305471413089426
mean_baseline,1,N63O3,cluster:45EFN,1.0934216851622351,1.305471413089426
mean_baseline,1,N8PD5,cluster:45EFN,1.0515383905153275,1.305471413089426
mean_baseline,1,N9NE1,cluster:N9NE1,0.8135809885681919,1.305471413089426
mean_baseline,1,NYYN4,cluster:45EFN,1.4061994236633129,1.305471413089426
mean_baseline,1,O351D,cluster:45EFN,0.3424226808222063,1.305471413089426
mean_baseline,1,O8SH6,cluster:O8SH6,1.2538224387080734,1.305471413089426
mean_baseline,1,OF5G5,cluster:45EFN,0.02530586526477026,1.305471413089426
mean_baseline,1,OMODZ,cluster:45EFN,0.967547976218862,1.305471413089426
mean_baseline,1,OOASP,cluster:45EFN,0.9867717342662449,1.305471413089426
mean_baseline,1,OS9DX,cluster:45EFN,1.4571246263034088,1.305471413089426
mean_baseline,1,OVJRJ,cluster:45EFN,1.3873898263387294,1.305471413089426
mean_baseline,1,OW4TY,cluster:8BUQQ,1.8673496171887924,1.305471413089426
mean_baseline,1,P4KRD,cluster:45EFN,1.2400497721126476,1.305471413089426
mean_baseline,1,PL518,cluster:45EFN,0.7810369386211319,1.305471413089426
mean_baseline,1,POBTH,cluster:45EFN,1.1360860973840974,1.305471413089426
mean_baseline,1,Q8AAM,cluster:45EFN,0.414973347970818,1.305471413089426
mean_baseline,1,QB1DP,cluster:73TKS,1.5938396610812713,1.305471413089426
mean_baseline,1,QEO8D,cluster:45EFN,0.292256071356476,1.305471413089426
mean_baseline,1,QNYK6,cluster:QNYK6,1.3159703454569178,1.305471413089426
mean_baseline,1,QNZSY,cluster:8BUQQ,1.8597385661971468,1.305471413089426
mean_baseline,1,QQJHZ,cluster:O8SH6,1.6211762817750353,1.305471413089426
mean_baseline,1,QRBKZ,cluster:Y46HX,1.5423273827739743,1.305471413089426
mean_baseline,1,RSRP9,cluster:45EFN,1.6122539060964374,1.305471413089426
mean_baseline,1,S1U3D,cluster:S1U3D,1.6967930850817443,1.305471413089426
mean_baseline,1,SKHT2,cluster:GSCT9,2.0549958615291417,1.305471413089426
mean_baseline,1,SS15T,cluster:45EFN,0.893206753059848,1.305471413089426
mean_baseline,1,STCSK,cluster:45EFN,1.2024883170600935,1.305471413089426
mean_baseline,1,SV3XM,cluster:45EFN,1.1373541113707328,1.305471413089426
mean_baseline,1,T5UGO,cluster:45EFN,1.576916955965207,1.305471413089426
mean_baseline,1,THSBS,cluster:45EFN,1.8404197777364861,1.305471413089426
mean_baseline,1,TN3DM,cluster:45EFN,1.4329692908744058,1.305471413089426
mean_baseline,1,TXLFX,cluster:45EFN,1.4712917110589385,1.305471413089426
mean_baseline,1,U69HK,cluster:73TKS,1.4852954387260888,1.305471413089426
mean_baseline,1,U76BO,cluster:45EFN,1.5066403055665025,1.305471413089426
mean_baseline,1,U97V7,cluster:8BUQQ,1.8673496171887924,1.305471413089426
mean_baseline,1,UUTXN,cluster:68RZA,1.0191162904470727,1.305471413089426
mean_baseline,1,UVJD2,cluster:45EFN,1.315550534421905,1.305471413089426
mean_baseline,1,V41RE,cluster:45EFN,1.6269559514354475,1.305471413089426
mean_baseline,1,V5FM2,cluster:45EFN,1.1430148002540952,1.305471413089426
mean_baseline,1,VB2NB,cluster:45EFN,1.568788212315347,1.305471413089426
mean_baseline,1,VSU6B,cluster:45EFN,1.4768316285122607,1.305471413089426
mean_baseline,1,WK5F6,cluster:GSCT9,2.156851901070011,1.305471413089426
mean_baseline,1,WN1JX,cluster:4BUSQ,0.6720978579357175,1.305471413089426
mean_baseline,1,WNJAS,cluster:45EFN,0.7979596437371962,1.305471413089426
mean_baseline,1,WRGL6,cluster:782GK,1.652149605401653,1.305471413089426
mean_baseline,1,XHBTX,cluster:45EFN,1.1562461903973444,1.305471413089426
mean_baseline,1,XOVUP,cluster:45EFN,0.30749603791321295,1.305471413089426
mean_baseline,1,XU2WO,cluster:45EFN,0.7075701760979364,1.305471413089426
mean_baseline,1,Y46HX,cluster:Y46HX,1.2591158441850663,1.305471413089426
mean_baseline,1,YEOJF,cluster:QNYK6,0.7558748556724915,1.305471413089426
mean_baseline,1,YQ25V,cluster:YQ25V,2.0670708560453703,1.305471413089426
mean_baseline,1,ZERB6,cluster:45EFN,1.2263420871636308,1.305471413089426
mean_baseline,1,ZHYAA,cluster:45EFN,1.8092903011763157,1.305471413089426
mean_baseline,1,ZRKRV,cluster:GSCT9,1.9722028383790644,1.305471413089426
mean_baseline,2,11G2Y,cluster:AJCVH,1.9936125579388904,1.2924109922555451
mean_baseline,2,15MYG,cluster:5LCAQ,0.9768083373380663,1.2924109922555451
mean_baseline,2,16WGJ,cluster:AJCVH,1.7109631189952756,1.2924109922555451
mean_baseline,2,1KNNM,cluster:1KNNM,1.0515383905153275,1.2924109922555451
mean_baseline,2,1L4BP,cluster:1L4BP,1.6991436873944838,1.2924109922555451
mean_baseline,2,1NUNN,cluster:GNU4X,1.3647385550553985,1.2924109922555451
mean_baseline,2,1SEDF,cluster:AJCVH,1.3180633349627615,1.2924109922555451
mean_baseline,2,296AF,cluster:9JNRR,1.2671717284030137,1.2924109922555451
mean_baseline,2,2BK6M,cluster:A315M,1.6334684555795864,1.2924109922555451
mean_baseline,2,2DB3H,cluster:GNU4X,2.03342375548695,1.2924109922555451
mean_baseline,2,3CN24,cluster:HKDXH,0.8715729355458788,1.2924109922555451
mean_baseline,2,3F18R,cluster:BUJNN,0.02530586526477026,1.2924109922555451
mean_baseline,2,3SXVB,cluster:AJCVH,1.3483048630481607,1.2924109922555451
mean_baseline,2,3W5ZV,cluster:T7XX8,1.830396176483469,1.2924109922555451
mean_baseline,2,498LC,cluster:T7XX8,1.3712526291249394,1.2924109922555451
mean_baseline,2,4NRYW,cluster:T7XX8,1.9939649981951189,1.2924109922555451
mean_baseline,2,5LCAQ,cluster:5LCAQ,1.5645477117559479,1.2924109922555451
mean_baseline,2,5N1DD,cluster:5N1DD,0.7101173651118162,1.2924109922555451
mean_baseline,2,5WALF,cluster:AJCVH,1.72607487021537,1.2924109922555451
mean_baseline,2,5YBHO,cluster:5YBHO,1.6551384348113822,1.2924109922555451
mean_baseline,2,6BXQP,cluster:T9CO9,2.0860037056183818,1.2924109922555451
mean_baseline,2,6EEUG,cluster:HKDXH,1.1613680022349748,1.2924109922555451
mean_baseline,2,6KLAW,cluster:9JNRR,1.60422605308447,1.2924109922555451
mean_baseline,2,73GT1,cluster:AJCVH,1.8713977814874838,1.2924109922555451
mean_baseline,2,7DP3C,cluster:9JNRR,1.0056094453602804,1.2924109922555451
mean_baseline,2,81ENW,cluster:AJCVH,1.0511525224473812,1.2924109922555451
mean_baseline,2,8DFHZ,cluster:AJCVH,1.8882918453565154,1.2924109922555451
mean_baseline,2,8DX6R,cluster:9JNRR,1.7678976160180906,1.2924109922555451
mean_baseline,2,8QC31,cluster:AJCVH,1.5963771439975991,1.2924109922555451
mean_baseline,2,8TF9W,cluster:T7XX8,1.7107940999303275,1.2924109922555451
mean_baseline,2,8TL1P,cluster:5N1DD,0.5809249756756193,1.2924109922555451
mean_baseline,2,97MBQ,cluster:HKDXH,1.2624510897304295,1.2924109922555451
mean_baseline,2,9JNRR,cluster:9JNRR,0.5502283530550941,1.2924109922555451
mean_baseline,2,A315M,cluster:A315M,1.5809249756756194,1.2924109922555451
mean_baseline,2,A77ZH,cluster:9JNRR,1.1892094895823062,1.2924109922555451
mean_baseline,2,AE8QV,cluster:9JNRR,0.9800033715837464,1.2924109922555451
mean_baseline,2,AJCVH,cluster:AJCVH,1.6110857334148727,1.2924109922555451
mean_baseline,2,ALL3F,cluster:9JNRR,1.506234359612126,1.2924109922555451
mean_baseline,2,ASMG7,cluster:GNU4X,1.8798410559865626,1.2924109922555451
mean_baseline,2,B3LN6,cluster:9JNRR,1.1277525158329733,1.2924109922555451
mean_baseline,2,B4SGV,cluster:BUJNN,0.12057393120584989,1.2924109922555451
mean_baseline,2,B53TZ,cluster:V6A1P,0.8965262174895553,1.2924109922555451
mean_baseline,2,BUJNN,cluster:BUJNN,0.4913616938342727,1.2924109922555451
mean_baseline,2,C2FJQ,cluster:C2FJQ,2.219846386024361,1.2924109922555451
mean_baseline,2,EC56T,cluster:AJCVH,1.646501750031612,1.2924109922555451
mean_baseline,2,F1MW1,cluster:BUJNN,0.6222140229662952,1.2924109922555451
mean_baseline,2,FD244,cluster:BUJNN,0.10380372095595687,1.2924109922555451
mean_baseline,2,FHG23,cluster:FHG23,0.526339277389844,1.2924109922555451
mean_baseline,2,G5H29,cluster:G5H29,0.9084850188786497,1.2924109922555451
mean_baseline,2,GHNRL,cluster:9JNRR,1.530199698203082,1.2924109922555451
mean_baseline,2,GNU4X,cluster:GNU4X,1.5938396610812713,1.2924109922555451
mean_baseline,2,GNV89,cluster:G5H29,0.9084850188786497,1.2924109922555451
mean_baseline,2,GUFES,cluster:GNU4X,1.8698182079793282,1.2924109922555451
mean_baseline,2,H8UXC,cluster:AJCVH,1.664265800147675,1.2924109922555451
mean_baseline,2,HC91W,cluster:GNU4X,1.6940784620807594,1.2924109922555451
mean_baseline,2,HKDXH,cluster:HKDXH,0.9912260756924949,1.2924109922555451
mean_baseline,2,KDHFJ,cluster:AJCVH,1.4212747912103465,1.2924109922555451
mean_baseline,2,KHSZ4,cluster:KHSZ4,2.091174360706882,1.2924109922555451
mean_baseline,2,KKQNA,cluster:GNU4X,1.5572665288699041,1.2924109922555451
mean_baseline,2,LDVKW,cluster:LDVKW,0.8785217955012065,1.2924109922555451
mean_baseline,2,LGDN9,cluster:5LCAQ,1.227115082589125,1.2924109922555451
mean_baseline,2,LMJV4,cluster:BUJNN,0.9360107957152095,1.2924109922555451
mean_baseline,2,LO7EL,cluster:T7XX8,1.7107940999303275,1.2924109922555451
mean_baseline,2,LTFO5,cluster:5LCAQ,1.146128035678238,1.2924109922555451
mean_baseline,2,LTRTO,cluster:C2FJQ,1.1172712956557642,1.2924109922555451
mean_baseline,2,LXWLT,cluster:GNU4X,1.8359441000938481,1.2924109922555451
mean_baseline,2,M3FBS,cluster:5N1DD,0.04921802267018165,1.2924109922555451
mean_baseline,2,MASAE,cluster:1KNNM,1.395501124305626,1.2924109922555451
mean_baseline,2,MHMQX,cluster:T7XX8,1.5305838596451178,1.2924109922555451
mean_baseline,2,MSYZC,cluster:HKDXH,1.0881360887005513,1.2924109922555451
mean_baseline,2,MZOGH,cluster:MZOGH,1.4996870826184039,1.2924109922555451
mean_baseline,2,N8HMF,cluster:AJCVH,1.3791241460703918,1.2924109922555451
mean_baseline,2,ND36H,cluster:5LCAQ,1.7541953881898384,1.2924109922555451
mean_baseline,2,NPCN7,cluster:T7XX8,1.3933996952931018,1.2924109922555451
mean_baseline,2,OTXRQ,cluster:AJCVH,1.6816029987308685,1.2924109922555451
mean_baseline,2,P3DVP,cluster:GNU4X,1.927883410330707,1.2924109922555451
mean_baseline,2,P9LBW,cluster:P9LBW,0.12710479836480765,1.2924109922555451
mean_baseline,2,PA6OT,cluster:AJCVH,1.246498580795801,1.2924109922555451
mean_baseline,2,PO1ML,cluster:5N1DD,1.6739419986340878,1.2924109922555451
mean_baseline,2,Q5F5J,cluster:V6A1P,0.631443769013172,1.2924109922555451
mean_baseline,2,Q92FU,cluster:BUJNN,1.0748164406451748,1.2924109922555451
mean_baseline,2,QB9WJ,cluster:HKDXH,1.2671717284030137,1.2924109922555451
mean_baseline,2,QVF1F,cluster:9JNRR,1.2445245115700838,1.2924109922555451
mean_baseline,2,R5RQ5,cluster:9JNRR,1.557507201905658,1.2924109922555451
mean_baseline,2,RD2N4,cluster:AJCVH,1.651859269246949,1.2924109922555451
mean_baseline,2,SEJPD,cluster:HKDXH,0.04921802267018165,1.2924109922555451
mean_baseline,2,SXBT1,cluster:BUJNN,0.6493348587121419,1.2924109922555451
mean_baseline,2,T41NE,cluster:5YBHO,1.5667909123815917,1.2924109922555451
mean_baseline,2,T44E8,cluster:5YBHO,1.742568034366142,1.2924109922555451
mean_baseline,2,T44HU,cluster:AJCVH,1.089905111439398,1.2924109922555451
mean_baseline,2,T7XX8,cluster:T7XX8,1.4068806700491248,1.2924109922555451
mean_baseline,2,T9CO9,cluster:T9CO9,1.4942937686653328,1.2924109922555451
mean_baseline,2,TDOH1,cluster:GNU4X,1.3926969532596658,1.2924109922555451
mean_baseline,2,U9LQE,cluster:AJCVH,1.6998377258672457,1.2924109922555451
mean_baseline,2,UHFSE,cluster:5YBHO,1.8458419074217574,1.2924109922555451
mean_baseline,2,UL6ZA,cluster:BUJNN,0.004321373782642578,1.2924109922555451
mean_baseline,2,UWMXB,cluster:AJCVH,1.5994463757252757,1.2924109922555451
mean_baseline,2,V2GB1,cluster:AJCVH,1.606488850442648,1.2924109922555451
mean_baseline,2,V6A1P,cluster:V6A1P,0.7299742856995556,1.2924109922555451
mean_baseline,2,VAXZZ,cluster:T7XX8,1.440121603187804,1.2924109922555451
mean_baseline,2,VPDTG,cluster:AJCVH,1.9026554752179259,1.2924109922555451
mean_baseline,2,VPR4D,cluster:A315M,1.6020599913279623,1.2924109922555451
mean_baseline,2,VUXRF,cluster:AJCVH,1.7344797894255772,1.2924109922555451
mean_baseline,2,VVNZ5,cluster:AJCVH,1.8016780590358932,1.2924109922555451
mean_baseline,2,W1X8H,cluster:T7XX8,1.768786046908014,1.2924109922555451
mean_baseline,2,W8LAG,cluster:5LCAQ,1.3697722885969628,1.2924109922555451
mean_baseline,2,WBU2Y,cluster:AJCVH,1.7182525000977507,1.2924109922555451
mean_baseline,2,WSRVG,cluster:V6A1P,0.8715729355458788,1.2924109922555451
mean_baseline,2,WVV8W,cluster:5YBHO,2.031408464251624,1.2924109922555451
mean_baseline,2,YJY7C,cluster:AJCVH,0.9339931638312423,1.2924109922555451
mean_baseline,2,YLRRG,cluster:AJCVH,1.4116197059632303,1.2924109922555451
mean_baseline,2,ZS5CR,cluster:T7XX8,1.2174839442139063,1.2924109922555451
mean_baseline,3,162KQ,cluster:6LRFZ,1.455149521179828,1.2915571304315039
mean_baseline,3,1B7TK,cluster:1B7TK,0.9454685851318197,1.2915571304315039
mean_baseline,3,1M48O,cluster:1M48O,1.0253058652647702,1.2915571304315039
mean_baseline,3,21E2G,cluster:21E2G,1.5485122563410354,1.2915571304315039
mean_baseline,3,21PQ5,cluster:21PQ5,1.8790958795000727,1.2915571304315039
mean_baseline,3,2EG15,cluster:2EG15,0.8992731873176038,1.2915571304315039
mean_baseline,3,2HEJS,cluster:6LRFZ,1.4913616938342726,1.2915571304315039
mean_baseline,3,2P4CB,cluster:437NM,1.530199698203082,1.2915571304315039
mean_baseline,3,31NFQ,cluster:6LRFZ,1.7424894645817752,1.2915571304315039
mean_baseline,3,37XMD,cluster:6LRFZ,1.885134966063434,1.2915571304315039
mean_baseline,3,3G1CL,cluster:2EG15,1.165244326125311,1.2915571304315039
mean_baseline,3,3KHK4,cluster:437NM,1.252367514459899,1.2915571304315039
mean_baseline,3,42Q3E,cluster:6LRFZ,1.3040594662175993,1.2915571304315039
mean_baseline,3,437NM,cluster:437NM,1.2278867046136734,1.2915571304315039
mean_baseline,3,4JYN3,cluster:6LRFZ,0.02530586526477026,1.2915571304315039
mean_baseline,3,4UCC6,cluster:6LRFZ,1.9807303765359454,1.2915571304315039
mean_baseline,3,52ADP,cluster:6LRFZ,1.3298045221640695,1.2915571304315039
mean_baseline,3,6LRFZ,cluster:6LRFZ,1.1939589780191868,1.2915571304315039
mean_baseline,3,7AJCQ,cluster:7AJCQ,0.06069784035361165,1.2915571304315039
mean_baseline,3,7GO5D,cluster:7GO5D,2.0752549005329,1.2915571304315039
mean_baseline,3,7P38V,cluster:6LRFZ,1.9124877613323237,1.2915571304315039
mean_baseline,3,87UEF,cluster:6LRFZ,1.4517864355242902,1.2915571304315039
mean_baseline,3,886AH,cluster:ESQ8O,1.7876021461823375,1.2915571304315039
mean_baseline,3,8XMCL,cluster:8XMCL,1.4871383754771865,1.2915571304315039
mean_baseline,3,9BOLR,cluster:DOU4X,2.152441238058955,1.2915571304315039
mean_baseline,3,9FQLJ,cluster:7GO5D,1.9169800473203822,1.2915571304315039
mean_baseline,3,9KH59,cluster:6LRFZ,1.387033701282363,1.2915571304315039
mean_baseline,3,9U6KU,cluster:6LRFZ,1.9017306917292187,1.2915571304315039
mean_baseline,3,AJLWS,cluster:2EG15,0.8438554226231612,1.2915571304315039
mean_baseline,3,ASSY9,cluster:6LRFZ,1.7435097647284297,1.2915571304315039
mean_baseline,3,AW33C,cluster:21PQ5,1.250420002308894,1.2915571304315039
mean_baseline,3,AYRSR,cluster:1B7TK,0.5301996982030822,1.2915571304315039
mean_baseline,3,B1GJH,cluster:21E2G,1.1176026916900843,1.2915571304315039
mean_baseline,3,BQFPM,cluster:6LRFZ,1.8066547239918604,1.2915571304315039
mean_baseline,3,CQ4QL,cluster:6LRFZ,1.5409548089261327,1.2915571304315039
mean_baseline,3,D87D7,cluster:6LRFZ,1.7987887139512493,1.2915571304315039
mean_baseline,3,DGXFA,cluster:2EG15,0.8633228601204559,1.2915571304315039
mean_baseline,3,DKEXK,cluster:6LRFZ,2.054153240345694,1.2915571304315039
mean_baseline,3,DOGBN,cluster:6LRFZ,1.3710678622717363,1.2915571304315039
mean_baseline,3,DOU4X,cluster:DOU4X,2.166726055580052,1.2915571304315039
mean_baseline,3,DP999,cluster:1B7TK,1.1218879851036812,1.2915571304315039
mean_baseline,3,DSZCH,cluster:6LRFZ,1.230959555748569,1.2915571304315039
mean_baseline,3,DVDZZ,cluster:WH633,0.8494194137968994,1.2915571304315039
mean_baseline,3,ESQ8O,cluster:ESQ8O,1.8004421213362567,1.2915571304315039
mean_baseline,3,F3GZ1,cluster:6LRFZ,1.5686709780098966,1.2915571304315039
mean_baseline,3,FM4GO,cluster:6LRFZ,1.360971883725936,1.2915571304315039
mean_baseline,3,FM76L,cluster:6LRFZ,1.5477747053878226,1.2915571304315039
mean_baseline,3,FRRJW,cluster:ESQ8O,1.7180862947830917,1.2915571304315039
mean_baseline,3,FWVH2,cluster:1M48O,1.7902147702439792,1.2915571304315039
mean_baseline,3,GCOU1,cluster:1B7TK,0.9670797341444971,1.2915571304315039
mean_baseline,3,GE6KO,cluster:6LRFZ,1.3710678622717363,1.2915571304315039
mean_baseline,3,GGUJF,cluster:6LRFZ,1.9242792860618816,1.2915571304315039
mean_baseline,3,GNJK5,cluster:1B7TK,0.9454685851318197,1.2915571304315039
mean_baseline,3,GZU2E,cluster:6LRFZ,1.6894864483642478,1.2915571304315039
mean_baseline,3,H93B4,cluster:7GO5D,1.8442907432543432,1.2915571304315039
mean_baseline,3,HO9GG,cluster:1B7TK,0.9982593384236987,1.2915571304315039
mean_baseline,3,HXBWE,cluster:HXBWE,0.08278537031645007,1.2915571304315039
mean_baseline,3,JB7SD,cluster:6LRFZ,0.7923916894982539,1.2915571304315039
mean_baseline,3,JVB9K,cluster:DOU4X,2.1645907601902237,1.2915571304315039
mean_baseline,3,JVUSZ,cluster:21PQ5,1.8309092995464433,1.2915571304315039
mean_baseline,3,K782G,cluster:6LRFZ,1.6358856852812727,1.2915571304315039
mean_baseline,3,KECCG,cluster:21E2G,1.3928727454020795,1.2915571304315039
mean_baseline,3,KETFB,cluster:8XMCL,1.5954962218255742,1.2915571304315039
mean_baseline,3,L1ZEW,cluster:6LRFZ,1.299725153975637,1.2915571304315039
mean_baseline,3,L3C27,cluster:6LRFZ,1.6595359071542164,1.2915571304315039
mean_baseline,3,LQXJ6,cluster:21PQ5,1.6616234092292301,1.2915571304315039
mean_baseline,3,LY1S9,cluster:6LRFZ,0.8115750058705934,1.2915571304315039
mean_baseline,3,MNH1D,cluster:6LRFZ,0.8344207036815325,1.2915571304315039
mean_baseline,3,MQNBX,cluster:21E2G,1.8628466599829387,1.2915571304315039
mean_baseline,3,MX4SD,cluster:6LRFZ,1.9738203243526837,1.2915571304315039
mean_baseline,3,N3G27,cluster:2EG15,1.0374264979406236,1.2915571304315039
mean_baseline,3,N6WUS,cluster:N6WUS,1.7352794480604568,1.2915571304315039
mean_baseline,3,NC216,cluster:NC216,0.7118072290411911,1.2915571304315039
mean_baseline,3,O2UFD,cluster:6LRFZ,1.2201080880400552,1.2915571304315039
mean_baseline,3,OB7P5,cluster:6LRFZ,1.5864747785713966,1.2915571304315039
mean_baseline,3,OOLCX,cluster:WH633,0.7930916001765802,1.2915571304315039
mean_baseline,3,OX75X,cluster:2EG15,0.829946695941636,1.2915571304315039
mean_baseline,3,OYSEV,cluster:7GO5D,1.1379867327235316,1.2915571304315039
mean_baseline,3,OZEBT,cluster:2EG15,0.9849771264154934,1.2915571304315039
mean_baseline,3,PG1ZQ,cluster:WH633,0.651278013998144,1.2915571304315039
mean_baseline,3,PGG5S,cluster:7GO5D,1.9832653525665453,1.2915571304315039
mean_baseline,3,PRMX6,cluster:6LRFZ,1.7488080049586023,1.2915571304315039
mean_baseline,3,PV8DK,cluster:2EG15,0.8530895298518656,1.2915571304315039
mean_baseline,3,Q31FH,cluster:6LRFZ,1.9441864612836874,1.2915571304315039
mean_baseline,3,Q6V69,cluster:1B7TK,0.7185016888672743,1.2915571304315039
mean_baseline,3,QKBVG,cluster:6LRFZ,0.11058971029924898,1.2915571304315039
mean_baseline,3,QTBVW,cluster:6LRFZ,1.7558748556724915,1.2915571304315039
mean_baseline,3,RAKQZ,cluster:2EG15,1.165244326125311,1.2915571304315039
mean_baseline,3,RHTPG,cluster:6LRFZ,1.5417040232842885,1.2915571304315039
mean_baseline,3,RK5BV,cluster:21E2G,1.7366354976868212,1.2915571304315039
mean_baseline,3,SXSQ9,cluster:6LRFZ,1.08278537031645,1.2915571304315039
mean_baseline,3,T33XW,cluster:WH633,0.568201724066995,1.2915571304315039
mean_baseline,3,TP5Z2,cluster:6LRFZ,1.64018319192134,1.2915571304315039
mean_baseline,3,TUP2T,cluster:2EG15,0.8260748027008264,1.2915571304315039
mean_baseline,3,UVP48,cluster:WH633,0.7909884750888159,1.2915571304315039
mean_baseline,3,VAQHD,cluster:21E2G,0.9100905455940681,1.2915571304315039
mean_baseline,3,VDDDT,cluster:N6WUS,1.658393026279124,1.2915571304315039
mean_baseline,3,VKDX5,cluster:DOU4X,2.1673468775856355,1.2915571304315039
mean_baseline,3,VVQ8D,cluster:WH633,0.8234742291703011,1.2915571304315039
mean_baseline,3,W4PW7,cluster:WH633,0.8543060418010806,1.2915571304315039
mean_baseline,3,WH633,cluster:WH633,0.8208579894396999,1.2915571304315039
mean_baseline,3,WLCQP,cluster:6LRFZ,1.4207806195485655,1.2915571304315039
mean_baseline,3,WLNHW,cluster:21PQ5,1.7218106152125465,1.2915571304315039
mean_baseline,3,WV3Q7,cluster:6LRFZ,1.7160033436347992,1.2915571304315039
mean_baseline,3,WZXU4,cluster:WZXU4,0.20682587603184968,1.2915571304315039
mean_baseline,3,X1DTP,cluster:2EG15,1.04883008652835,1.2915571304315039
mean_baseline,3,XJO9Z,cluster:6LRFZ,1.4927603890268375,1.2915571304315039
mean_baseline,3,XKDOQ,cluster:6LRFZ,1.3740147402919116,1.2915571304315039
mean_baseline,3,YG5WM,cluster:YG5WM,1.0788191830988487,1.2915571304315039
mean_baseline,3,YHJV5,cluster:1B7TK,1.1218879851036812,1.2915571304315039
mean_baseline,3,ZZHSE,cluster:WH633,0.8488047010518037,1.2915571304315039
mean_baseline,4,134NN,cluster:134NN,1.6080979463252796,1.320371354580936
mean_baseline,4,13ANW,cluster:1LT8G,0.6063813651106049,1.320371354580936
mean_baseline,4,1KUE6,cluster:1KUE6,1.1763806922432705,1.320371354580936
mean_baseline,4,1LT8G,cluster:1LT8G,1.1583624920952498,1.320371354580936
mean_baseline,4,26VNF,cluster:1LT8G,1.2319790268315043,1.320371354580936
mean_baseline,4,2D7XF,cluster:1LT8G,1.4289442900355744,1.320371354580936
mean_baseline,4,2DGCJ,cluster:1LT8G,1.4122925093230465,1.320371354580936
mean_baseline,4,2ERUG,cluster:1LT8G,1.2683439139510646,1.320371354580936
mean_baseline,4,39D4R,cluster:1LT8G,1.4752352226041283,1.320371354580936
mean_baseline,4,3FC3D,cluster:1LT8G,0.7032913781186614,1.320371354580936
mean_baseline,4,3PP3A,cluster:1LT8G,0.9052560487484512,1.320371354580936
mean_baseline,4,3Z9FM,cluster:1LT8G,1.608526033577194,1.320371354580936
mean_baseline,4,4E21X,cluster:1LT8G,1.484014962667563,1.320371354580936
mean_baseline,4,4LKQ5,cluster:VWTNO,1.3271545124094315,1.320371354580936
mean_baseline,4,4QJ63,cluster:1LT8G,1.4320066872695982,1.320371354580936
mean_baseline,4,4XHVQ,cluster:4XHVQ,2.079325986752815,1.320371354580936
mean_baseline,4,54XX1,cluster:1LT8G,1.404149249209695,1.320371354580936
mean_baseline,4,55FPY,cluster:1KUE6,0.9100905455940681,1.320371354580936
mean_baseline,4,5GJX3,cluster:1LT8G,1.795741020869244,1.320371354580936
mean_baseline,4,5H7QY,cluster:4XHVQ,2.137100804579123,1.320371354580936
mean_baseline,4,5HD4W,cluster:1LT8G,1.5229655954919865,1.320371354580936
mean_baseline,4,5TSUE,cluster:5TSUE,0.029383777685209667,1.320371354580936
mean_baseline,4,5ULGG,cluster:5ULGG,1.6065963091792852,1.320371354580936
mean_baseline,4,5X9A8,cluster:1LT8G,1.721150843749684,1.320371354580936
mean_baseline,4,6F9A8,cluster:1LT8G,0.8129133566428556,1.320371354580936
mean_baseline,4,71X7X,cluster:4XHVQ,2.172807188369087,1.320371354580936
mean_baseline,4,77HQK,cluster:1LT8G,0.9656719712201067,1.320371354580936
mean_baseline,4,7DEM9,cluster:TC87V,1.845098040014257,1.320371354580936
mean_baseline,4,7EWEM,cluster:1LT8G,1.243781916093795,1.320371354580936
mean_baseline,4,7FXGZ,cluster:1LT8G,0.7160033436347992,1.320371354580936
mean_baseline,4,7UFQR,cluster:1LT8G,1.4632956099620027,1.320371354580936
mean_baseline,4,7WEWT,cluster:1KUE6,0.9263424466256551,1.320371354580936
mean_baseline,4,7XHKJ,cluster:7XHKJ,0.17897694729316943,1.320371354580936
mean_baseline,4,85KA4,cluster:TC87V,1.7836892363473165,1.320371354580936
mean_baseline,4,8MJ78,cluster:1LT8G,1.6428600525844914,1.320371354580936
mean_baseline,4,95LHQ,cluster:4XHVQ,2.1437952038457664,1.320371354580936
mean_baseline,4,9EUJH,cluster:1LT8G,0.7209857441537391,1.320371354580936
mean_baseline,4,9S2ZE,cluster:1LT8G,0.8175653695597808,1.320371354580936
mean_baseline,4,A8BXL,cluster:134NN,1.7023443583557687,1.320371354580936
mean_baseline,4,A8RF9,cluster:1LT8G,1.5737995822157407,1.320371354580936
mean_baseline,4,ACXOE,cluster:ACXOE,1.8719813538433694,1.320371354580936
mean_baseline,4,AHNXC,cluster:1LT8G,1.796851749049887,1.320371354580936
mean_baseline,4,AJJAK,cluster:1LT8G,0.7092699609758307,1.320371354580936
mean_baseline,4,AQ2DU,cluster:VWTNO,0.3344537511509309,1.320371354580936
mean_baseline,4,BFJKS,cluster:1LT8G,1.5284024379536174,1.320371354580936
mean_baseline,4,BH9MB,cluster:ACXOE,2.205583258640754,1.320371354580936
mean_baseline,4,BRFP4,cluster:1LT8G,1.3710678622717363,1.320371354580936
mean_baseline,4,C2N5S,cluster:1LT8G,0.6434526764861874,1.320371354580936
mean_baseline,4,DBBO8,cluster:1LT8G,1.414973347970818,1.320371354580936
mean_baseline,4,DKZQ7,cluster:1LT8G,0.9370161074648142,1.320371354580936
mean_baseline,4,DTAXR,cluster:1LT8G,0.7403626894942439,1.320371354580936
mean_baseline,4,DX3TE,cluster:5TSUE,0.029383777685209667,1.320371354580936
mean_baseline,4,E3FDV,cluster:1LT8G,1.4008832155483628,1.320371354580936
mean_baseline,4,F35B7,cluster:1LT8G,1.8882918453565154,1.320371354580936
mean_baseline,4,G5OWS,cluster:1LT8G,1.7488080049586023,1.320371354580936
mean_baseline,4,G9U12,cluster:1LT8G,1.5696079675468244,1.320371354580936
mean_baseline,4,GLJ6S,cluster:1LT8G,0.5440680443502757,1.320371354580936
mean_baseline,4,GSP4M,cluster:VWTNO,0.3873898263387294,1.320371354580936
mean_baseline,4,HGBNQ,cluster:P2GXH,1.5237464668115646,1.320371354580936
mean_baseline,4,HMK8R,cluster:134NN,1.813247300897605,1.320371354580936
mean_baseline,4,JOHLM,cluster:VWTNO,1.209783014848515,1.320371354580936
mean_baseline,4,JS116,cluster:5TSUE,0.00860017176191757,1.320371354580936
mean_baseline,4,JS838,cluster:1LT8G,1.2201080880400552,1.320371354580936
mean_baseline,4,KEBCT,cluster:4XHVQ,2.042260406689452,1.320371354580936
mean_baseline,4,LF3LJ,cluster:1LT8G,1.5341530741850626,1.320371354580936
mean_baseline,4,LG377,cluster:1LT8G,0.8331471119127851,1.320371354580936
mean_baseline,4,LNY1F,cluster:VWTNO,0.8450980400142568,1.320371354580936
mean_baseline,4,LP3PQ,cluster:VWTNO,0.11394335230683679,1.320371354580936
mean_baseline,4,M59JJ,cluster:1LT8G,1.077731179652392,1.320371354580936
mean_baseline,4,MZMFB,cluster:1LT8G,1.7678976160180906,1.320371354580936
mean_baseline,4,NENVO,cluster:NENVO,0.8680563618230416,1.320371354580936
mean_baseline,4,NLF4R,cluster:1LT8G,0.670245853074124,1.320371354580936
mean_baseline,4,OADBJ,cluster:1LT8G,1.376576957056512,1.320371354580936
mean_baseline,4,OAKV5,cluster:1LT8G,1.4163075870598825,1.320371354580936
mean_baseline,4,OORFP,cluster:P2GXH,1.0261245167454502,1.320371354580936
mean_baseline,4,OSFMK,cluster:OSFMK,1.5059635180181261,1.320371354580936
mean_baseline,4,P2GXH,cluster:P2GXH,1.717670503002262,1.320371354580936
mean_baseline,4,PGSB7,cluster:PGSB7,0.00860017176191757,1.320371354580936
mean_baseline,4,PL2EH,cluster:PL2EH,0.004321373782642578,1.320371354580936
mean_baseline,4,Q2ZO7,cluster:1LT8G,1.3636119798921444,1.320371354580936
mean_baseline,4,Q5DYR,cluster:1KUE6,1.1316186643491255,1.320371354580936
mean_baseline,4,Q8TQ6,cluster:1LT8G,0.3364597338485295,1.320371354580936
mean_baseline,4,Q8WTP,cluster:4XHVQ,2.1043163645117278,1.320371354580936
mean_baseline,4,QGZZT,cluster:VWTNO,1.119585774961784,1.320371354580936
mean_baseline,4,QJV5C,cluster:1LT8G,1.7845459740545226,1.320371354580936
mean_baseline,4,QUVLA,cluster:5TSUE,0.037426497940623665,1.320371354580936
mean_baseline,4,RATTD,cluster:1LT8G,0.9912260756924949,1.320371354580936
mean_baseline,4,REVUQ,cluster:1LT8G,0.4014005407815441,1.320371354580936
mean_baseline,4,ROTAL,cluster:PL2EH,0.004321373782642578,1.320371354580936
mean_baseline,4,RR1M4,cluster:134NN,1.5046067706419537,1.320371354580936
mean_baseline,4,RTMMX,cluster:1LT8G,1.1495270137543478,1.320371354580936
mean_baseline,4,RU9EF,cluster:1LT8G,0.7339992865383869,1.320371354580936
mean_baseline,4,S4HC8,cluster:1LT8G,1.6901960800285136,1.320371354580936
mean_baseline,4,S6A7A,cluster:1LT8G,1.2776092143040911,1.320371354580936
mean_baseline,4,T5A9C,cluster:T5A9C,1.7958105246674083,1.320371354580936
mean_baseline,4,T9G4X,cluster:1LT8G,0.9415114326344031,1.320371354580936
mean_baseline,4,TC87V,cluster:TC87V,1.7531999141994161,1.320371354580936
mean_baseline,4,TDA9A,cluster:TDA9A,1.2743887955503788,1.320371354580936
mean_baseline,4,TL112,cluster:1LT8G,1.4969296480732148,1.320371354580936
mean_baseline,4,UQCHR,cluster:1LT8G,1.5211380837040362,1.320371354580936
mean_baseline,4,UQH8C,cluster:1LT8G,1.2683439139510646,1.320371354580936
mean_baseline,4,VWTNO,cluster:VWTNO,0.8692317197309762,1.320371354580936
mean_baseline,4,VXEVZ,cluster:1LT8G,1.3494717992143856,1.320371354580936
mean_baseline,4,W34KB,cluster:1LT8G,1.3382572302462556,1.320371354580936
mean_baseline,4,W7ZR3,cluster:W7ZR3,1.7326349675391959,1.320371354580936
mean_baseline,4,WHKL9,cluster:5TSUE,0.037426497940623665,1.320371354580936
mean_baseline,4,WRF55,cluster:1LT8G,1.2000292665537702,1.320371354580936
mean_baseline,4,XQCPX,cluster:1LT8G,1.4387005329007363,1.320371354580936
mean_baseline,4,Z3GLX,cluster:1LT8G,1.1448854182871424,1.320371354580936
mean_baseline,4,Z97VJ,cluster:4XHVQ,2.199124114623325,1.320371354580936
mean_baseline,4,ZO7NN,cluster:1LT8G,1.523486332343228,1.320371354580936
mean_baseline,4,ZOL96,cluster:VWTNO,0.08635983067474821,1.320371354580936
mean_baseline,5,1K2R7,cluster:WQUOO,1.4281347940287887,1.2840164228463737
mean_baseline,5,1LZV9,cluster:WQUOO,0.8633228601204559,1.2840164228463737
mean_baseline,5,1Q7JU,cluster:WQUOO,1.4857214264815801,1.2840164228463737
mean_baseline,5,1XF1B,cluster:WQUOO,1.3170181010481115,1.2840164228463737
mean_baseline,5,243P7,cluster:WQUOO,1.368472838440362,1.2840164228463737
mean_baseline,5,27HOS,cluster:WQUOO,1.146128035678238,1.2840164228463737
mean_baseline,5,2A3U4,cluster:WQUOO,0.6454222693490919,1.2840164228463737
mean_baseline,5,2KWB9,cluster:WQUOO,1.6494322232416165,1.2840164228463737
mean_baseline,5,2V75Y,cluster:WQUOO,1.5314789170422551,1.2840164228463737
mean_baseline,5,2VONA,cluster:WQUOO,0.7092699609758307,1.2840164228463737
mean_baseline,5,37ZRR,cluster:WQUOO,1.5547313766759665,1.2840164228463737
mean_baseline,5,3Q37R,cluster:WQUOO,1.8485585721237634,1.2840164228463737
mean_baseline,5,49YLM,cluster:WQUOO,1.5543680009900875,1.2840164228463737
mean_baseline,5,4GMRC,cluster:WQUOO,1.6494322232416165,1.2840164228463737
mean_baseline,5,4OC6N,cluster:WQUOO,1.1176026916900843,1.2840164228463737
mean_baseline,5,4VSRL,cluster:WQUOO,1.5024271199844328,1.2840164228463737
mean_baseline,5,4Z641,cluster:WQUOO,1.9312544064164134,1.2840164228463737
mean_baseline,5,4Z6XY,cluster:WQUOO,1.2875778090787053,1.2840164228463737
mean_baseline,5,514KE,cluster:WQUOO,1.2889196056617265,1.2840164228463737
mean_baseline,5,59R1F,cluster:WQUOO,1.1139433523068367,1.2840164228463737
mean_baseline,5,5E826,cluster:WQUOO,1.4183012913197455,1.2840164228463737
mean_baseline,5,5NY15,cluster:WQUOO,0.900913067737669,1.2840164228463737
mean_baseline,5,5WSHL,cluster:WQUOO,0.6384892569546373,1.2840164228463737
mean_baseline,5,671NA,cluster:WQUOO,0.17609125905568124,1.2840164228463737
mean_baseline,5,6E1ER,cluster:WQUOO,1.161966616364075,1.2840164228463737
mean_baseline,5,6KPKA,cluster:WQUOO,1.1690863574870227,1.2840164228463737
mean_baseline,5,6O8HW,cluster:WQUOO,0.787460474518415,1.2840164228463737
mean_baseline,5,6ORKJ,cluster:WQUOO,1.4548448600085102,1.2840164228463737
mean_baseline,5,6VP2A,cluster:WQUOO,1.8309092995464433,1.2840164228463737
mean_baseline,5,6VV9O,cluster:WQUOO,1.0461047872460387,1.2840164228463737
mean_baseline,5,7AV5G,cluster:WQUOO,1.4608978427565478,1.2840164228463737
mean_baseline,5,7G47U,cluster:WQUOO,1.5412046906832584,1.2840164228463737
mean_baseline,5,7QYHY,cluster:WQUOO,1.1687920203141817,1.2840164228463737
mean_baseline,5,7ZG25,cluster:WQUOO,1.320354032817672,1.2840164228463737
mean_baseline,5,8DNLG,cluster:WQUOO,1.6617180576946593,1.2840164228463737
mean_baseline,5,8RSXF,cluster:WQUOO,0.9670797341444971,1.2840164228463737
mean_baseline,5,963OH,cluster:WQUOO,1.3827372657613304,1.2840164228463737
mean_baseline,5,9ALF8,cluster:WQUOO,1.3117538610557542,1.2840164228463737
mean_baseline,5,9CEJ5,cluster:WQUOO,0.9459607035775686,1.2840164228463737
mean_baseline,5,9H4UT,cluster:WQUOO,1.7057782128285977,1.2840164228463737
mean_baseline,5,9HU84,cluster:WQUOO,0.6384892569546373,1.2840164228463737
mean_baseline,5,9KYTB,cluster:WQUOO,1.3873898263387294,1.2840164228463737
mean_baseline,5,9PBZV,cluster:WQUOO,0.47712125471966244,1.2840164228463737
mean_baseline,5,A2OWC,cluster:WQUOO,1.374565060722765,1.2840164228463737
mean_baseline,5,A6N87,cluster:WQUOO,1.150756439860309,1.2840164228463737
mean_baseline,5,AD4BK,cluster:WQUOO,1.6031443726201824,1.2840164228463737
mean_baseline,5,AQACH,cluster:WQUOO,1.908913740020971,1.2840164228463737
mean_baseline,5,B28N7,cluster:WQUOO,1.3926969532596658,1.2840164228463737
mean_baseline,5,B4SOW,cluster:WQUOO,1.7415455167762095,1.2840164228463737
mean_baseline,5,B6J33,cluster:WQUOO,1.5587085705331658,1.2840164228463737
mean_baseline,5,B72B1,cluster:WQUOO,0.7831886910752576,1.2840164228463737
mean_baseline,5,B8S8J,cluster:WQUOO,0.6739419986340879,1.2840164228463737
mean_baseline,5,BJRSJ,cluster:WQUOO,1.5520595341878844,1.2840164228463737
mean_baseline,5,BKD94,cluster:WQUOO,1.1430148002540952,1.2840164228463737
mean_baseline,5,BL164,cluster:WQUOO,1.5118833609788744,1.2840164228463737
mean_baseline,5,BSK5M,cluster:WQUOO,1.110252917353403,1.2840164228463737
mean_baseline,5,BU5R3,cluster:WQUOO,0.6627578316815741,1.2840164228463737
mean_baseline,5,C5EUY,cluster:WQUOO,1.9409644934927994,1.2840164228463737
mean_baseline,5,CGRMD,cluster:WQUOO,1.9608986773266608,1.2840164228463737
mean_baseline,5,CVUYM,cluster:WQUOO,1.4418521757732918,1.2840164228463737
mean_baseline,5,D4OFQ,cluster:WQUOO,0.5024271199844327,1.2840164228463737
mean_baseline,5,D7L1L,cluster:WQUOO,0.3729120029701066,1.2840164228463737
mean_baseline,5,D7QYG,cluster:WQUOO,1.3457656931144881,1.2840164228463737
mean_baseline,5,D9JZ4,cluster:WQUOO,1.4252080511386562,1.2840164228463737
mean_baseline,5,DF1S4,cluster:WQUOO,1.4329692908744058,1.2840164228463737
mean_baseline,5,DO6Z1,cluster:WQUOO,0.28330122870354957,1.2840164228463737
mean_baseline,5,DVMQ7,cluster:WQUOO,1.276921132065774,1.2840164228463737
mean_baseline,5,EEJ9Q,cluster:WQUOO,1.3176455432211587,1.2840164228463737
mean_baseline,5,EG3EK,cluster:WQUOO,1.1760912590556813,1.2840164228463737
mean_baseline,5,F9HKG,cluster:WQUOO,0.5563025007672873,1.2840164228463737
mean_baseline,5,FE6UX,cluster:WQUOO,1.9910931080488874,1.2840164228463737
mean_baseline,5,G1VL1,cluster:WQUOO,1.8709888137605752,1.2840164228463737
mean_baseline,5,G4VP2,cluster:WQUOO,1.2913688504515826,1.2840164228463737
mean_baseline,5,GB9EO,cluster:WQUOO,1.843108141999607,1.2840164228463737
mean_baseline,5,GHBKT,cluster:WQUOO,1.3271545124094315,1.2840164228463737
mean_baseline,5,GJETS,cluster:WQUOO,1.54282542695918,1.2840164228463737
mean_baseline,5,GLAD6,cluster:WQUOO,1.6031443726201824,1.2840164228463737
mean_baseline,5,GQRF2,cluster:WQUOO,1.4548448600085102,1.2840164228463737
mean_baseline,5,H99SX,cluster:WQUOO,1.7114697818743279,1.2840164228463737
mean_baseline,5,HFE84,cluster:WQUOO,1.250420002308894,1.2840164228463737
mean_baseline,5,HUE6V,cluster:WQUOO,1.9503648543761232,1.2840164228463737
mean_baseline,5,HXP5A,cluster:WQUOO,1.6443400988263226,1.2840164228463737
mean_baseline,5,J2JWA,cluster:WQUOO,1.2347702951609165,1.2840164228463737
mean_baseline,5,J325F,cluster:WQUOO,1.2299376859079338,1.2840164228463737
mean_baseline,5,J59TV,cluster:WQUOO,1.734399742520567,1.2840164228463737
mean_baseline,5,JJV3D,cluster:WQUOO,1.7114697818743279,1.2840164228463737
mean_baseline,5,JM7JP,cluster:WQUOO,0.16136800223497488,1.2840164228463737
mean_baseline,5,JY7XC,cluster:WQUOO,1.5444401373176924,1.2840164228463737
mean_baseline,5,JYYJ1,cluster:WQUOO,1.2533380053261065,1.2840164228463737
mean_baseline,5,KBERH,cluster:WQUOO,1.4082399653118496,1.2840164228463737
mean_baseline,5,KSK4V,cluster:WQUOO,1.437750562820388,1.2840164228463737
mean_baseline,5,LDZC9,cluster:WQUOO,0.7024305364455253,1.2840164228463737
mean_baseline,5,LKB4E,cluster:WQUOO,0.8413594704548549,1.2840164228463737
mean_baseline,5,LS1K6,cluster:WQUOO,1.496376054012401,1.2840164228463737
mean_baseline,5,MGNCD,cluster:WQUOO,0.9232440186302765,1.2840164228463737
mean_baseline,5,MLHQR,cluster:WQUOO,1.8536982117761744,1.2840164228463737
mean_baseline,5,MRKZY,cluster:WQUOO,1.4471580313422192,1.2840164228463737
mean_baseline,5,MVN8T,cluster:WQUOO,1.1622656142980214,1.2840164228463737
mean_baseline,5,N6ZHS,cluster:WQUOO,1.7805333253164044,1.2840164228463737
mean_baseline,5,NLY5P,cluster:WQUOO,1.437750562820388,1.2840164228463737
mean_baseline,5,NOX8W,cluster:WQUOO,0.424881636631067,1.2840164228463737
mean_baseline,5,OMA2X,cluster:WQUOO,0.9084850188786497,1.2840164228463737
mean_baseline,5,ORBRD,cluster:WQUOO,1.343802333161655,1.2840164228463737
mean_baseline,5,P38Q4,cluster:WQUOO,1.212187604403958,1.2840164228463737
mean_baseline,5,PF2S1,cluster:WQUOO,1.891425942847994,1.2840164228463737
mean_baseline,5,Q7WVB,cluster:WQUOO,1.9708116108725178,1.2840164228463737
mean_baseline,5,QKFJN,cluster:WQUOO,1.5390760987927767,1.2840164228463737
mean_baseline,5,QPK3T,cluster:WQUOO,0.8633228601204559,1.2840164228463737
mean_baseline,5,QS3XQ,cluster:WQUOO,1.6058435390580892,1.2840164228463737
mean_baseline,5,QX7D1,cluster:WQUOO,1.2638726768652235,1.2840164228463737
mean_baseline,5,R9NL8,cluster:WQUOO,1.53832233323144,1.2840164228463737
mean_baseline,5,RDRFL,cluster:WQUOO,0.9822712330395684,1.2840164228463737
mean_baseline,5,RFW2X,cluster:WQUOO,0.6757783416740851,1.2840164228463737
mean_baseline,5,RYFE4,cluster:WQUOO,1.9345994382180731,1.2840164228463737
mean_baseline,5,SBLM5,cluster:WQUOO,1.6987962517904311,1.2840164228463737
mean_baseline,5,SDS4K,cluster:WQUOO,0.800717078282385,1.2840164228463737
mean_baseline,5,SGW8V,cluster:WQUOO,1.2720737875000099,1.2840164228463737
mean_baseline,5,SSTDU,cluster:WQUOO,1.2638726768652235,1.2840164228463737
mean_baseline,5,SXYKQ,cluster:WQUOO,1.6227319651647192,1.2840164228463737
mean_baseline,5,SY6TH,cluster:WQUOO,1.7611758131557314,1.2840164228463737
mean_baseline,5,SZYEK,cluster:WQUOO,1.7601207852645675,1.2840164228463737
mean_baseline,5,T23T9,cluster:WQUOO,1.06707085604537,1.2840164228463737
mean_baseline,5,T972V,cluster:WQUOO,1.2187979981117376,1.2840164228463737
mean_baseline,5,THWKH,cluster:WQUOO,0.7474118078864233,1.2840164228463737
mean_baseline,5,TPB93,cluster:WQUOO,1.5643109099606027,1.2840164228463737
mean_baseline,5,TR5BB,cluster:WQUOO,1.5211380837040362,1.2840164228463737
mean_baseline,5,TUONH,cluster:WQUOO,1.235528446907549,1.2840164228463737
mean_baseline,5,TWJXO,cluster:WQUOO,1.5538830266438743,1.2840164228463737
mean_baseline,5,TZ5KN,cluster:WQUOO,1.4320066872695982,1.2840164228463737
mean_baseline,5,UDAAK,cluster:WQUOO,1.4653828514484182,1.2840164228463737
mean_baseline,5,UNETX,cluster:WQUOO,1.8418598097750611,1.2840164228463737
mean_baseline,5,UOJ8M,cluster:WQUOO,0.9566485792052033,1.2840164228463737
mean_baseline,5,UPG56,cluster:WQUOO,1.88218288763027,1.2840164228463737
mean_baseline,5,UQX41,cluster:WQUOO,1.7295697263019698,1.2840164228463737
mean_baseline,5,V3NZ1,cluster:WQUOO,1.6753199833392922,1.2840164228463737
mean_baseline,5,V534T,cluster:WQUOO,1.2753113545418118,1.2840164228463737
mean_baseline,5,V7M33,cluster:WQUOO,1.505149978319906,1.2840164228463737
mean_baseline,5,V7NZK,cluster:WQUOO,1.6468936241677452,1.2840164228463737
mean_baseline,5,V81JD,cluster:WQUOO,1.1961761850399732,1.2840164228463737
mean_baseline,5,VE1RL,cluster:WQUOO,1.616160312847583,1.2840164228463737
mean_baseline,5,VR7EN,cluster:WQUOO,1.7746629225378223,1.2840164228463737
mean_baseline,5,WCSN6,cluster:WQUOO,1.8296896408989711,1.2840164228463737
mean_baseline,5,WQ6TU,cluster:WQUOO,1.3895204658463773,1.2840164228463737
mean_baseline,5,WQUOO,cluster:WQUOO,1.7595923086459748,1.2840164228463737
mean_baseline,5,WRK8K,cluster:WQUOO,1.3441957158714348,1.2840164228463737
mean_baseline,5,XBGJO,cluster:WQUOO,1.3763944420372662,1.2840164228463737
mean_baseline,5,XZJ98,cluster:WQUOO,1.7460111077519258,1.2840164228463737
mean_baseline,5,YAH6C,cluster:WQUOO,1.5409548089261327,1.2840164228463737
mean_baseline,5,YUJWJ,cluster:WQUOO,1.7287594751678743,1.2840164228463737
mean_baseline,5,YVJ5E,cluster:WQUOO,1.2041199826559248,1.2840164228463737
mean_baseline,5,YX459,cluster:WQUOO,1.861534410859038,1.2840164228463737
mean_baseline,5,ZMWEJ,cluster:WQUOO,1.1878026387184193,1.2840164228463737
mean_baseline,5,ZVV1B,cluster:WQUOO,1.115943176939055,1.2840164228463737
mean_baseline,5,ZWH88,cluster:WQUOO,1.842609239610562,1.2840164228463737
median_baseline,1,1AFJZ,cluster:45EFN,1.8976270912904414,1.3895204658463773
median_baseline,1,1BEMJ,cluster:Y46HX,1.8729134416203952,1.3895204658463773
median_baseline,1,1VSM7,cluster:45EFN,1.8300109359361179,1.3895204658463773
median_baseline,1,2BJM7,cluster:O8SH6,1.4387005329007363,1.3895204658463773
median_baseline,1,2G7N6,cluster:45EFN,1.828917561616686,1.3895204658463773
median_baseline,1,3DUUH,cluster:45EFN,1.7427251313046983,1.3895204658463773
median_baseline,1,444PN,cluster:45EFN,1.2895889525425968,1.3895204658463773
median_baseline,1,45EFN,cluster:45EFN,0.15228834438305647,1.3895204658463773
median_baseline,1,4BUSQ,cluster:4BUSQ,0.6148972160331346,1.3895204658463773
median_baseline,1,4O71N,cluster:45EFN,1.4329692908744058,1.3895204658463773
median_baseline,1,588N2,cluster:45EFN,1.1986570869544226,1.3895204658463773
median_baseline,1,5CEBO,cluster:45EFN,1.8382192219076259,1.3895204658463773
median_baseline,1,5DP2R,cluster:45EFN,1.2027606873932,1.3895204658463773
median_baseline,1,5EU5J,cluster:5EU5J,2.007064656378332,1.3895204658463773
median_baseline,1,5GR1V,cluster:45EFN,1.5538830266438743,1.3895204658463773
median_baseline,1,5YCFA,cluster:45EFN,1.130333768495006,1.3895204658463773
median_baseline,1,68RZA,cluster:68RZA,0.6106601630898799,1.3895204658463773
median_baseline,1,6LJKY,cluster:45EFN,0.6683859166900001,1.3895204658463773
median_baseline,1,6VVTK,cluster:45EFN,1.7570922201189325,1.3895204658463773
median_baseline,1,73TKS,cluster:73TKS,1.6966184592322249,1.3895204658463773
median_baseline,1,782GK,cluster:782GK,1.6933751510251853,1.3895204658463773
median_baseline,1,86FNG,cluster:45EFN,1.0346284566253203,1.3895204658463773
median_baseline,1,893F3,cluster:45EFN,1.6127838567197355,1.3895204658463773
median_baseline,1,8BUQQ,cluster:8BUQQ,1.8707549448901402,1.3895204658463773
median_baseline,1,8PKAY,cluster:O8SH6,0.8382192219076258,1.3895204658463773
median_baseline,1,9GUD2,cluster:45EFN,0.7160033436347992,1.3895204658463773
median_baseline,1,A3B6M,cluster:45EFN,1.3161800988934527,1.3895204658463773
median_baseline,1,A6URG,cluster:A6URG,0.9057958803678685,1.3895204658463773
median_baseline,1,AL871,cluster:45EFN,0.3979400086720376,1.3895204658463773
median_baseline,1,AQ8G3,cluster:45EFN,1.7692295817365937,1.3895204658463773
median_baseline,1,BXYZE,cluster:Y46HX,1.6454222693490919,1.3895204658463773
median_baseline,1,CC2YL,cluster:45EFN,0.7774268223893114,1.3895204658463773
median_baseline,1,CN92E,cluster:45EFN,1.2664668954402414,1.3895204658463773
median_baseline,1,CQCQT,cluster:45EFN,1.0976043288744108,1.3895204658463773
median_baseline,1,CS45L,cluster:45EFN,0.1673173347481761,1.3895204658463773
median_baseline,1,DCYCK,cluster:45EFN,1.13481437032046,1.3895204658463773
median_baseline,1,DFXUK,cluster:45EFN,1.686725621074542,1.3895204658463773
median_baseline,1,EGE3L,cluster:45EFN,1.7015679850559273,1.3895204658463773
median_baseline,1,EY2GX,cluster:45EFN,1.0472748673841794,1.3895204658463773
median_baseline,1,FLO5T,cluster:45EFN,0.48287358360875376,1.3895204658463773
median_baseline,1,FRM5D,cluster:45EFN,1.4800069429571505,1.3895204658463773
median_baseline,1,FVS3D,cluster:45EFN,1.8512583487190752,1.3895204658463773
median_baseline,1,G1DQY,cluster:45EFN,1.686725621074542,1.3895204658463773
median_baseline,1,G6HDH,cluster:45EFN,1.6988831367525903,1.3895204658463773
median_baseline,1,GJDTN,cluster:Y46HX,1.187520720836463,1.3895204658463773
median_baseline,1,GSCT9,cluster:GSCT9,1.919810020170196,1.3895204658463773
median_baseline,1,GW5EB,cluster:GW5EB,0.6627578316815741,1.3895204658463773
median_baseline,1,H6RGM,cluster:45EFN,0.29885307640970665,1.3895204658463773
median_baseline,1,HQZZC,cluster:45EFN,0.9666109866819343,1.3895204658463773
median_baseline,1,HZMZV,cluster:45EFN,1.7109631189952756,1.3895204658463773
median_baseline,1,JGCGO,cluster:782GK,1.3677285460869766,1.3895204658463773
median_baseline,1,JMXXU,cluster:45EFN,1.1746411926604485,1.3895204658463773
median_baseline,1,JTXCJ,cluster:Y46HX,1.7745169657285496,1.3895204658463773
median_baseline,1,JVYE5,cluster:45EFN,0.8426092396105621,1.3895204658463773
median_baseline,1,JXVU8,cluster:45EFN,0.2695129442179163,1.3895204658463773
median_baseline,1,MEFJC,cluster:8BUQQ,1.8546703318953355,1.3895204658463773
median_baseline,1,MSSUL,cluster:45EFN,1.0603200286882852,1.3895204658463773
median_baseline,1,N33JN,cluster:45EFN,0.6830470382388496,1.3895204658463773
median_baseline,1,N63O3,cluster:45EFN,1.0934216851622351,1.3895204658463773
median_baseline,1,N8PD5,cluster:45EFN,1.0515383905153275,1.3895204658463773
median_baseline,1,N9NE1,cluster:N9NE1,0.8135809885681919,1.3895204658463773
median_baseline,1,NYYN4,cluster:45EFN,1.4061994236633129,1.3895204658463773
median_baseline,1,O351D,cluster:45EFN,0.3424226808222063,1.3895204658463773
median_baseline,1,O8SH6,cluster:O8SH6,1.2538224387080734,1.3895204658463773
median_baseline,1,OF5G5,cluster:45EFN,0.02530586526477026,1.3895204658463773
median_baseline,1,OMODZ,cluster:45EFN,0.967547976218862,1.3895204658463773
median_baseline,1,OOASP,cluster:45EFN,0.9867717342662449,1.3895204658463773
median_baseline,1,OS9DX,cluster:45EFN,1.4571246263034088,1.3895204658463773
median_baseline,1,OVJRJ,cluster:45EFN,1.3873898263387294,1.3895204658463773
median_baseline,1,OW4TY,cluster:8BUQQ,1.8673496171887924,1.3895204658463773
median_baseline,1,P4KRD,cluster:45EFN,1.2400497721126476,1.3895204658463773
median_baseline,1,PL518,cluster:45EFN,0.7810369386211319,1.3895204658463773
median_baseline,1,POBTH,cluster:45EFN,1.1360860973840974,1.3895204658463773
median_baseline,1,Q8AAM,cluster:45EFN,0.414973347970818,1.3895204658463773
median_baseline,1,QB1DP,cluster:73TKS,1.5938396610812713,1.3895204658463773
median_baseline,1,QEO8D,cluster:45EFN,0.292256071356476,1.3895204658463773
median_baseline,1,QNYK6,cluster:QNYK6,1.3159703454569178,1.3895204658463773
median_baseline,1,QNZSY,cluster:8BUQQ,1.8597385661971468,1.3895204658463773
median_baseline,1,QQJHZ,cluster:O8SH6,1.6211762817750353,1.3895204658463773
median_baseline,1,QRBKZ,cluster:Y46HX,1.5423273827739743,1.3895204658463773
median_baseline,1,RSRP9,cluster:45EFN,1.6122539060964374,1.3895204658463773
median_baseline,1,S1U3D,cluster:S1U3D,1.6967930850817443,1.3895204658463773
median_baseline,1,SKHT2,cluster:GSCT9,2.0549958615291417,1.3895204658463773
median_baseline,1,SS15T,cluster:45EFN,0.893206753059848,1.3895204658463773
median_baseline,1,STCSK,cluster:45EFN,1.2024883170600935,1.3895204658463773
median_baseline,1,SV3XM,cluster:45EFN,1.1373541113707328,1.3895204658463773
median_baseline,1,T5UGO,cluster:45EFN,1.576916955965207,1.3895204658463773
median_baseline,1,THSBS,cluster:45EFN,1.8404197777364861,1.3895204658463773
median_baseline,1,TN3DM,cluster:45EFN,1.4329692908744058,1.3895204658463773
median_baseline,1,TXLFX,cluster:45EFN,1.4712917110589385,1.3895204658463773
median_baseline,1,U69HK,cluster:73TKS,1.4852954387260888,1.3895204658463773
median_baseline,1,U76BO,cluster:45EFN,1.5066403055665025,1.3895204658463773
median_baseline,1,U97V7,cluster:8BUQQ,1.8673496171887924,1.3895204658463773
median_baseline,1,UUTXN,cluster:68RZA,1.0191162904470727,1.3895204658463773
median_baseline,1,UVJD2,cluster:45EFN,1.315550534421905,1.3895204658463773
median_baseline,1,V41RE,cluster:45EFN,1.6269559514354475,1.3895204658463773
median_baseline,1,V5FM2,cluster:45EFN,1.1430148002540952,1.3895204658463773
median_baseline,1,VB2NB,cluster:45EFN,1.568788212315347,1.3895204658463773
median_baseline,1,VSU6B,cluster:45EFN,1.4768316285122607,1.3895204658463773
median_baseline,1,WK5F6,cluster:GSCT9,2.156851901070011,1.3895204658463773
median_baseline,1,WN1JX,cluster:4BUSQ,0.6720978579357175,1.3895204658463773
median_baseline,1,WNJAS,cluster:45EFN,0.7979596437371962,1.3895204658463773
median_baseline,1,WRGL6,cluster:782GK,1.652149605401653,1.3895204658463773
median_baseline,1,XHBTX,cluster:45EFN,1.1562461903973444,1.3895204658463773
median_baseline,1,XOVUP,cluster:45EFN,0.30749603791321295,1.3895204658463773
median_baseline,1,XU2WO,cluster:45EFN,0.7075701760979364,1.3895204658463773
median_baseline,1,Y46HX,cluster:Y46HX,1.2591158441850663,1.3895204658463773
median_baseline,1,YEOJF,cluster:QNYK6,0.7558748556724915,1.3895204658463773
median_baseline,1,YQ25V,cluster:YQ25V,2.0670708560453703,1.3895204658463773
median_baseline,1,ZERB6,cluster:45EFN,1.2263420871636308,1.3895204658463773
median_baseline,1,ZHYAA,cluster:45EFN,1.8092903011763157,1.3895204658463773
median_baseline,1,ZRKRV,cluster:GSCT9,1.9722028383790644,1.3895204658463773
median_baseline,2,11G2Y,cluster:AJCVH,1.9936125579388904,1.3710678622717363
median_baseline,2,15MYG,cluster:5LCAQ,0.9768083373380663,1.3710678622717363
median_baseline,2,16WGJ,cluster:AJCVH,1.7109631189952756,1.3710678622717363
median_baseline,2,1KNNM,cluster:1KNNM,1.0515383905153275,1.3710678622717363
median_baseline,2,1L4BP,cluster:1L4BP,1.6991436873944838,1.3710678622717363
median_baseline,2,1NUNN,cluster:GNU4X,1.3647385550553985,1.3710678622717363
median_baseline,2,1SEDF,cluster:AJCVH,1.3180633349627615,1.3710678622717363
median_baseline,2,296AF,cluster:9JNRR,1.2671717284030137,1.3710678622717363
median_baseline,2,2BK6M,cluster:A315M,1.6334684555795864,1.3710678622717363
median_baseline,2,2DB3H,cluster:GNU4X,2.03342375548695,1.3710678622717363
median_baseline,2,3CN24,cluster:HKDXH,0.8715729355458788,1.3710678622717363
median_baseline,2,3F18R,cluster:BUJNN,0.02530586526477026,1.3710678622717363
median_baseline,2,3SXVB,cluster:AJCVH,1.3483048630481607,1.3710678622717363
median_baseline,2,3W5ZV,cluster:T7XX8,1.830396176483469,1.3710678622717363
median_baseline,2,498LC,cluster:T7XX8,1.3712526291249394,1.3710678622717363
median_baseline,2,4NRYW,cluster:T7XX8,1.9939649981951189,1.3710678622717363
median_baseline,2,5LCAQ,cluster:5LCAQ,1.5645477117559479,1.3710678622717363
median_baseline,2,5N1DD,cluster:5N1DD,0.7101173651118162,1.3710678622717363
median_baseline,2,5WALF,cluster:AJCVH,1.72607487021537,1.3710678622717363
median_baseline,2,5YBHO,cluster:5YBHO,1.6551384348113822,1.3710678622717363
median_baseline,2,6BXQP,cluster:T9CO9,2.0860037056183818,1.3710678622717363
median_baseline,2,6EEUG,cluster:HKDXH,1.1613680022349748,1.3710678622717363
median_baseline,2,6KLAW,cluster:9JNRR,1.60422605308447,1.3710678622717363
median_baseline,2,73GT1,cluster:AJCVH,1.8713977814874838,1.3710678622717363
median_baseline,2,7DP3C,cluster:9JNRR,1.0056094453602804,1.3710678622717363
median_baseline,2,81ENW,cluster:AJCVH,1.0511525224473812,1.3710678622717363
median_baseline,2,8DFHZ,cluster:AJCVH,1.8882918453565154,1.3710678622717363
median_baseline,2,8DX6R,cluster:9JNRR,1.7678976160180906,1.3710678622717363
median_baseline,2,8QC31,cluster:AJCVH,1.5963771439975991,1.3710678622717363
median_baseline,2,8TF9W,cluster:T7XX8,1.7107940999303275,1.3710678622717363
median_baseline,2,8TL1P,cluster:5N1DD,0.5809249756756193,1.3710678622717363
median_baseline,2,97MBQ,cluster:HKDXH,1.2624510897304295,1.3710678622717363
median_baseline,2,9JNRR,cluster:9JNRR,0.5502283530550941,1.3710678622717363
median_baseline,2,A315M,cluster:A315M,1.5809249756756194,1.3710678622717363
median_baseline,2,A77ZH,cluster:9JNRR,1.1892094895823062,1.3710678622717363
median_baseline,2,AE8QV,cluster:9JNRR,0.9800033715837464,1.3710678622717363
median_baseline,2,AJCVH,cluster:AJCVH,1.6110857334148727,1.3710678622717363
median_baseline,2,ALL3F,cluster:9JNRR,1.506234359612126,1.3710678622717363
median_baseline,2,ASMG7,cluster:GNU4X,1.8798410559865626,1.3710678622717363
median_baseline,2,B3LN6,cluster:9JNRR,1.1277525158329733,1.3710678622717363
median_baseline,2,B4SGV,cluster:BUJNN,0.12057393120584989,1.3710678622717363
median_baseline,2,B53TZ,cluster:V6A1P,0.8965262174895553,1.3710678622717363
median_baseline,2,BUJNN,cluster:BUJNN,0.4913616938342727,1.3710678622717363
median_baseline,2,C2FJQ,cluster:C2FJQ,2.219846386024361,1.3710678622717363
median_baseline,2,EC56T,cluster:AJCVH,1.646501750031612,1.3710678622717363
median_baseline,2,F1MW1,cluster:BUJNN,0.6222140229662952,1.3710678622717363
median_baseline,2,FD244,cluster:BUJNN,0.10380372095595687,1.3710678622717363
median_baseline,2,FHG23,cluster:FHG23,0.526339277389844,1.3710678622717363
median_baseline,2,G5H29,cluster:G5H29,0.9084850188786497,1.3710678622717363
median_baseline,2,GHNRL,cluster:9JNRR,1.530199698203082,1.3710678622717363
median_baseline,2,GNU4X,cluster:GNU4X,1.5938396610812713,1.3710678622717363
median_baseline,2,GNV89,cluster:G5H29,0.9084850188786497,1.3710678622717363
median_baseline,2,GUFES,cluster:GNU4X,1.8698182079793282,1.3710678622717363
median_baseline,2,H8UXC,cluster:AJCVH,1.664265800147675,1.3710678622717363
median_baseline,2,HC91W,cluster:GNU4X,1.6940784620807594,1.3710678622717363
median_baseline,2,HKDXH,cluster:HKDXH,0.9912260756924949,1.3710678622717363
median_baseline,2,KDHFJ,cluster:AJCVH,1.4212747912103465,1.3710678622717363
median_baseline,2,KHSZ4,cluster:KHSZ4,2.091174360706882,1.3710678622717363
median_baseline,2,KKQNA,cluster:GNU4X,1.5572665288699041,1.3710678622717363
median_baseline,2,LDVKW,cluster:LDVKW,0.8785217955012065,1.3710678622717363
median_baseline,2,LGDN9,cluster:5LCAQ,1.227115082589125,1.3710678622717363
median_baseline,2,LMJV4,cluster:BUJNN,0.9360107957152095,1.3710678622717363
median_baseline,2,LO7EL,cluster:T7XX8,1.7107940999303275,1.3710678622717363
median_baseline,2,LTFO5,cluster:5LCAQ,1.146128035678238,1.3710678622717363
median_baseline,2,LTRTO,cluster:C2FJQ,1.1172712956557642,1.3710678622717363
median_baseline,2,LXWLT,cluster:GNU4X,1.8359441000938481,1.3710678622717363
median_baseline,2,M3FBS,cluster:5N1DD,0.04921802267018165,1.3710678622717363
median_baseline,2,MASAE,cluster:1KNNM,1.395501124305626,1.3710678622717363
median_baseline,2,MHMQX,cluster:T7XX8,1.5305838596451178,1.3710678622717363
median_baseline,2,MSYZC,cluster:HKDXH,1.0881360887005513,1.3710678622717363
median_baseline,2,MZOGH,cluster:MZOGH,1.4996870826184039,1.3710678622717363
median_baseline,2,N8HMF,cluster:AJCVH,1.3791241460703918,1.3710678622717363
median_baseline,2,ND36H,cluster:5LCAQ,1.7541953881898384,1.3710678622717363
median_baseline,2,NPCN7,cluster:T7XX8,1.3933996952931018,1.3710678622717363
median_baseline,2,OTXRQ,cluster:AJCVH,1.6816029987308685,1.3710678622717363
median_baseline,2,P3DVP,cluster:GNU4X,1.927883410330707,1.3710678622717363
median_baseline,2,P9LBW,cluster:P9LBW,0.12710479836480765,1.3710678622717363
median_baseline,2,PA6OT,cluster:AJCVH,1.246498580795801,1.3710678622717363
median_baseline,2,PO1ML,cluster:5N1DD,1.6739419986340878,1.3710678622717363
median_baseline,2,Q5F5J,cluster:V6A1P,0.631443769013172,1.3710678622717363
median_baseline,2,Q92FU,cluster:BUJNN,1.0748164406451748,1.3710678622717363
median_baseline,2,QB9WJ,cluster:HKDXH,1.2671717284030137,1.3710678622717363
median_baseline,2,QVF1F,cluster:9JNRR,1.2445245115700838,1.3710678622717363
median_baseline,2,R5RQ5,cluster:9JNRR,1.557507201905658,1.3710678622717363
median_baseline,2,RD2N4,cluster:AJCVH,1.651859269246949,1.3710678622717363
median_baseline,2,SEJPD,cluster:HKDXH,0.04921802267018165,1.3710678622717363
median_baseline,2,SXBT1,cluster:BUJNN,0.6493348587121419,1.3710678622717363
median_baseline,2,T41NE,cluster:5YBHO,1.5667909123815917,1.3710678622717363
median_baseline,2,T44E8,cluster:5YBHO,1.742568034366142,1.3710678622717363
median_baseline,2,T44HU,cluster:AJCVH,1.089905111439398,1.3710678622717363
median_baseline,2,T7XX8,cluster:T7XX8,1.4068806700491248,1.3710678622717363
median_baseline,2,T9CO9,cluster:T9CO9,1.4942937686653328,1.3710678622717363
median_baseline,2,TDOH1,cluster:GNU4X,1.3926969532596658,1.3710678622717363
median_baseline,2,U9LQE,cluster:AJCVH,1.6998377258672457,1.3710678622717363
median_baseline,2,UHFSE,cluster:5YBHO,1.8458419074217574,1.3710678622717363
median_baseline,2,UL6ZA,cluster:BUJNN,0.004321373782642578,1.3710678622717363
median_baseline,2,UWMXB,cluster:AJCVH,1.5994463757252757,1.3710678622717363
median_baseline,2,V2GB1,cluster:AJCVH,1.606488850442648,1.3710678622717363
median_baseline,2,V6A1P,cluster:V6A1P,0.7299742856995556,1.3710678622717363
median_baseline,2,VAXZZ,cluster:T7XX8,1.440121603187804,1.3710678622717363
median_baseline,2,VPDTG,cluster:AJCVH,1.9026554752179259,1.3710678622717363
median_baseline,2,VPR4D,cluster:A315M,1.6020599913279623,1.3710678622717363
median_baseline,2,VUXRF,cluster:AJCVH,1.7344797894255772,1.3710678622717363
median_baseline,2,VVNZ5,cluster:AJCVH,1.8016780590358932,1.3710678622717363
median_baseline,2,W1X8H,cluster:T7XX8,1.768786046908014,1.3710678622717363
median_baseline,2,W8LAG,cluster:5LCAQ,1.3697722885969628,1.3710678622717363
median_baseline,2,WBU2Y,cluster:AJCVH,1.7182525000977507,1.3710678622717363
median_baseline,2,WSRVG,cluster:V6A1P,0.8715729355458788,1.3710678622717363
median_baseline,2,WVV8W,cluster:5YBHO,2.031408464251624,1.3710678622717363
median_baseline,2,YJY7C,cluster:AJCVH,0.9339931638312423,1.3710678622717363
median_baseline,2,YLRRG,cluster:AJCVH,1.4116197059632303,1.3710678622717363
median_baseline,2,ZS5CR,cluster:T7XX8,1.2174839442139063,1.3710678622717363
median_baseline,3,162KQ,cluster:6LRFZ,1.455149521179828,1.3850635460500298
median_baseline,3,1B7TK,cluster:1B7TK,0.9454685851318197,1.3850635460500298
median_baseline,3,1M48O,cluster:1M48O,1.0253058652647702,1.3850635460500298
median_baseline,3,21E2G,cluster:21E2G,1.5485122563410354,1.3850635460500298
median_baseline,3,21PQ5,cluster:21PQ5,1.8790958795000727,1.3850635460500298
median_baseline,3,2EG15,cluster:2EG15,0.8992731873176038,1.3850635460500298
median_baseline,3,2HEJS,cluster:6LRFZ,1.4913616938342726,1.3850635460500298
median_baseline,3,2P4CB,cluster:437NM,1.530199698203082,1.3850635460500298
median_baseline,3,31NFQ,cluster:6LRFZ,1.7424894645817752,1.3850635460500298
median_baseline,3,37XMD,cluster:6LRFZ,1.885134966063434,1.3850635460500298
median_baseline,3,3G1CL,cluster:2EG15,1.165244326125311,1.3850635460500298
median_baseline,3,3KHK4,cluster:437NM,1.252367514459899,1.3850635460500298
median_baseline,3,42Q3E,cluster:6LRFZ,1.3040594662175993,1.3850635460500298
median_baseline,3,437NM,cluster:437NM,1.2278867046136734,1.3850635460500298
median_baseline,3,4JYN3,cluster:6LRFZ,0.02530586526477026,1.3850635460500298
median_baseline,3,4UCC6,cluster:6LRFZ,1.9807303765359454,1.3850635460500298
median_baseline,3,52ADP,cluster:6LRFZ,1.3298045221640695,1.3850635460500298
median_baseline,3,6LRFZ,cluster:6LRFZ,1.1939589780191868,1.3850635460500298
median_baseline,3,7AJCQ,cluster:7AJCQ,0.06069784035361165,1.3850635460500298
median_baseline,3,7GO5D,cluster:7GO5D,2.0752549005329,1.3850635460500298
median_baseline,3,7P38V,cluster:6LRFZ,1.9124877613323237,1.3850635460500298
median_baseline,3,87UEF,cluster:6LRFZ,1.4517864355242902,1.3850635460500298
median_baseline,3,886AH,cluster:ESQ8O,1.7876021461823375,1.3850635460500298
median_baseline,3,8XMCL,cluster:8XMCL,1.4871383754771865,1.3850635460500298
median_baseline,3,9BOLR,cluster:DOU4X,2.152441238058955,1.3850635460500298
median_baseline,3,9FQLJ,cluster:7GO5D,1.9169800473203822,1.3850635460500298
median_baseline,3,9KH59,cluster:6LRFZ,1.387033701282363,1.3850635460500298
median_baseline,3,9U6KU,cluster:6LRFZ,1.9017306917292187,1.3850635460500298
median_baseline,3,AJLWS,cluster:2EG15,0.8438554226231612,1.3850635460500298
median_baseline,3,ASSY9,cluster:6LRFZ,1.7435097647284297,1.3850635460500298
median_baseline,3,AW33C,cluster:21PQ5,1.250420002308894,1.3850635460500298
median_baseline,3,AYRSR,cluster:1B7TK,0.5301996982030822,1.3850635460500298
median_baseline,3,B1GJH,cluster:21E2G,1.1176026916900843,1.3850635460500298
median_baseline,3,BQFPM,cluster:6LRFZ,1.8066547239918604,1.3850635460500298
median_baseline,3,CQ4QL,cluster:6LRFZ,1.5409548089261327,1.3850635460500298
median_baseline,3,D87D7,cluster:6LRFZ,1.7987887139512493,1.3850635460500298
median_baseline,3,DGXFA,cluster:2EG15,0.8633228601204559,1.3850635460500298
median_baseline,3,DKEXK,cluster:6LRFZ,2.054153240345694,1.3850635460500298
median_baseline,3,DOGBN,cluster:6LRFZ,1.3710678622717363,1.3850635460500298
median_baseline,3,DOU4X,cluster:DOU4X,2.166726055580052,1.3850635460500298
median_baseline,3,DP999,cluster:1B7TK,1.1218879851036812,1.3850635460500298
median_baseline,3,DSZCH,cluster:6LRFZ,1.230959555748569,1.3850635460500298
median_baseline,3,DVDZZ,cluster:WH633,0.8494194137968994,1.3850635460500298
median_baseline,3,ESQ8O,cluster:ESQ8O,1.8004421213362567,1.3850635460500298
median_baseline,3,F3GZ1,cluster:6LRFZ,1.5686709780098966,1.3850635460500298
median_baseline,3,FM4GO,cluster:6LRFZ,1.360971883725936,1.3850635460500298
median_baseline,3,FM76L,cluster:6LRFZ,1.5477747053878226,1.3850635460500298
median_baseline,3,FRRJW,cluster:ESQ8O,1.7180862947830917,1.3850635460500298
median_baseline,3,FWVH2,cluster:1M48O,1.7902147702439792,1.3850635460500298
median_baseline,3,GCOU1,cluster:1B7TK,0.9670797341444971,1.3850635460500298
median_baseline,3,GE6KO,cluster:6LRFZ,1.3710678622717363,1.3850635460500298
median_baseline,3,GGUJF,cluster:6LRFZ,1.9242792860618816,1.3850635460500298
median_baseline,3,GNJK5,cluster:1B7TK,0.9454685851318197,1.3850635460500298
median_baseline,3,GZU2E,cluster:6LRFZ,1.6894864483642478,1.3850635460500298
median_baseline,3,H93B4,cluster:7GO5D,1.8442907432543432,1.3850635460500298
median_baseline,3,HO9GG,cluster:1B7TK,0.9982593384236987,1.3850635460500298
median_baseline,3,HXBWE,cluster:HXBWE,0.08278537031645007,1.3850635460500298
median_baseline,3,JB7SD,cluster:6LRFZ,0.7923916894982539,1.3850635460500298
median_baseline,3,JVB9K,cluster:DOU4X,2.1645907601902237,1.3850635460500298
median_baseline,3,JVUSZ,cluster:21PQ5,1.8309092995464433,1.3850635460500298
median_baseline,3,K782G,cluster:6LRFZ,1.6358856852812727,1.3850635460500298
median_baseline,3,KECCG,cluster:21E2G,1.3928727454020795,1.3850635460500298
median_baseline,3,KETFB,cluster:8XMCL,1.5954962218255742,1.3850635460500298
median_baseline,3,L1ZEW,cluster:6LRFZ,1.299725153975637,1.3850635460500298
median_baseline,3,L3C27,cluster:6LRFZ,1.6595359071542164,1.3850635460500298
median_baseline,3,LQXJ6,cluster:21PQ5,1.6616234092292301,1.3850635460500298
median_baseline,3,LY1S9,cluster:6LRFZ,0.8115750058705934,1.3850635460500298
median_baseline,3,MNH1D,cluster:6LRFZ,0.8344207036815325,1.3850635460500298
median_baseline,3,MQNBX,cluster:21E2G,1.8628466599829387,1.3850635460500298
median_baseline,3,MX4SD,cluster:6LRFZ,1.9738203243526837,1.3850635460500298
median_baseline,3,N3G27,cluster:2EG15,1.0374264979406236,1.3850635460500298
median_baseline,3,N6WUS,cluster:N6WUS,1.7352794480604568,1.3850635460500298
median_baseline,3,NC216,cluster:NC216,0.7118072290411911,1.3850635460500298
median_baseline,3,O2UFD,cluster:6LRFZ,1.2201080880400552,1.3850635460500298
median_baseline,3,OB7P5,cluster:6LRFZ,1.5864747785713966,1.3850635460500298
median_baseline,3,OOLCX,cluster:WH633,0.7930916001765802,1.3850635460500298
median_baseline,3,OX75X,cluster:2EG15,0.829946695941636,1.3850635460500298
median_baseline,3,OYSEV,cluster:7GO5D,1.1379867327235316,1.3850635460500298
median_baseline,3,OZEBT,cluster:2EG15,0.9849771264154934,1.3850635460500298
median_baseline,3,PG1ZQ,cluster:WH633,0.651278013998144,1.3850635460500298
median_baseline,3,PGG5S,cluster:7GO5D,1.9832653525665453,1.3850635460500298
median_baseline,3,PRMX6,cluster:6LRFZ,1.7488080049586023,1.3850635460500298
median_baseline,3,PV8DK,cluster:2EG15,0.8530895298518656,1.3850635460500298
median_baseline,3,Q31FH,cluster:6LRFZ,1.9441864612836874,1.3850635460500298
median_baseline,3,Q6V69,cluster:1B7TK,0.7185016888672743,1.3850635460500298
median_baseline,3,QKBVG,cluster:6LRFZ,0.11058971029924898,1.3850635460500298
median_baseline,3,QTBVW,cluster:6LRFZ,1.7558748556724915,1.3850635460500298
median_baseline,3,RAKQZ,cluster:2EG15,1.165244326125311,1.3850635460500298
median_baseline,3,RHTPG,cluster:6LRFZ,1.5417040232842885,1.3850635460500298
median_baseline,3,RK5BV,cluster:21E2G,1.7366354976868212,1.3850635460500298
median_baseline,3,SXSQ9,cluster:6LRFZ,1.08278537031645,1.3850635460500298
median_baseline,3,T33XW,cluster:WH633,0.568201724066995,1.3850635460500298
median_baseline,3,TP5Z2,cluster:6LRFZ,1.64018319192134,1.3850635460500298
median_baseline,3,TUP2T,cluster:2EG15,0.8260748027008264,1.3850635460500298
median_baseline,3,UVP48,cluster:WH633,0.7909884750888159,1.3850635460500298
median_baseline,3,VAQHD,cluster:21E2G,0.9100905455940681,1.3850635460500298
median_baseline,3,VDDDT,cluster:N6WUS,1.658393026279124,1.3850635460500298
median_baseline,3,VKDX5,cluster:DOU4X,2.1673468775856355,1.3850635460500298
median_baseline,3,VVQ8D,cluster:WH633,0.8234742291703011,1.3850635460500298
median_baseline,3,W4PW7,cluster:WH633,0.8543060418010806,1.3850635460500298
median_baseline,3,WH633,cluster:WH633,0.8208579894396999,1.3850635460500298
median_baseline,3,WLCQP,cluster:6LRFZ,1.4207806195485655,1.3850635460500298
median_baseline,3,WLNHW,cluster:21PQ5,1.7218106152125465,1.3850635460500298
median_baseline,3,WV3Q7,cluster:6LRFZ,1.7160033436347992,1.3850635460500298
median_baseline,3,WZXU4,cluster:WZXU4,0.20682587603184968,1.3850635460500298
median_baseline,3,X1DTP,cluster:2EG15,1.04883008652835,1.3850635460500298
median_baseline,3,XJO9Z,cluster:6LRFZ,1.4927603890268375,1.3850635460500298
median_baseline,3,XKDOQ,cluster:6LRFZ,1.3740147402919116,1.3850635460500298
median_baseline,3,YG5WM,cluster:YG5WM,1.0788191830988487,1.3850635460500298
median_baseline,3,YHJV5,cluster:1B7TK,1.1218879851036812,1.3850635460500298
median_baseline,3,ZZHSE,cluster:WH633,0.8488047010518037,1.3850635460500298
median_baseline,4,134NN,cluster:134NN,1.6080979463252796,1.3926969532596658
median_baseline,4,13ANW,cluster:1LT8G,0.6063813651106049,1.3926969532596658
median_baseline,4,1KUE6,cluster:1KUE6,1.1763806922432705,1.3926969532596658
median_baseline,4,1LT8G,cluster:1LT8G,1.1583624920952498,1.3926969532596658
median_baseline,4,26VNF,cluster:1LT8G,1.2319790268315043,1.3926969532596658
median_baseline,4,2D7XF,cluster:1LT8G,1.4289442900355744,1.3926969532596658
median_baseline,4,2DGCJ,cluster:1LT8G,1.4122925093230465,1.3926969532596658
median_baseline,4,2ERUG,cluster:1LT8G,1.2683439139510646,1.3926969532596658
median_baseline,4,39D4R,cluster:1LT8G,1.4752352226041283,1.3926969532596658
median_baseline,4,3FC3D,cluster:1LT8G,0.7032913781186614,1.3926969532596658
median_baseline,4,3PP3A,cluster:1LT8G,0.9052560487484512,1.3926969532596658
median_baseline,4,3Z9FM,cluster:1LT8G,1.608526033577194,1.3926969532596658
median_baseline,4,4E21X,cluster:1LT8G,1.484014962667563,1.3926969532596658
median_baseline,4,4LKQ5,cluster:VWTNO,1.3271545124094315,1.3926969532596658
median_baseline,4,4QJ63,cluster:1LT8G,1.4320066872695982,1.3926969532596658
median_baseline,4,4XHVQ,cluster:4XHVQ,2.079325986752815,1.3926969532596658
median_baseline,4,54XX1,cluster:1LT8G,1.404149249209695,1.3926969532596658
median_baseline,4,55FPY,cluster:1KUE6,0.9100905455940681,1.3926969532596658
median_baseline,4,5GJX3,cluster:1LT8G,1.795741020869244,1.3926969532596658
median_baseline,4,5H7QY,cluster:4XHVQ,2.137100804579123,1.3926969532596658
median_baseline,4,5HD4W,cluster:1LT8G,1.5229655954919865,1.3926969532596658
median_baseline,4,5TSUE,cluster:5TSUE,0.029383777685209667,1.3926969532596658
median_baseline,4,5ULGG,cluster:5ULGG,1.6065963091792852,1.3926969532596658
median_baseline,4,5X9A8,cluster:1LT8G,1.721150843749684,1.3926969532596658
median_baseline,4,6F9A8,cluster:1LT8G,0.8129133566428556,1.3926969532596658
median_baseline,4,71X7X,cluster:4XHVQ,2.172807188369087,1.3926969532596658
median_baseline,4,77HQK,cluster:1LT8G,0.9656719712201067,1.3926969532596658
median_baseline,4,7DEM9,cluster:TC87V,1.845098040014257,1.3926969532596658
median_baseline,4,7EWEM,cluster:1LT8G,1.243781916093795,1.3926969532596658
median_baseline,4,7FXGZ,cluster:1LT8G,0.7160033436347992,1.3926969532596658
median_baseline,4,7UFQR,cluster:1LT8G,1.4632956099620027,1.3926969532596658
median_baseline,4,7WEWT,cluster:1KUE6,0.9263424466256551,1.3926969532596658
median_baseline,4,7XHKJ,cluster:7XHKJ,0.17897694729316943,1.3926969532596658
median_baseline,4,85KA4,cluster:TC87V,1.7836892363473165,1.3926969532596658
median_baseline,4,8MJ78,cluster:1LT8G,1.6428600525844914,1.3926969532596658
median_baseline,4,95LHQ,cluster:4XHVQ,2.1437952038457664,1.3926969532596658
median_baseline,4,9EUJH,cluster:1LT8G,0.7209857441537391,1.3926969532596658
median_baseline,4,9S2ZE,cluster:1LT8G,0.8175653695597808,1.3926969532596658
median_baseline,4,A8BXL,cluster:134NN,1.7023443583557687,1.3926969532596658
median_baseline,4,A8RF9,cluster:1LT8G,1.5737995822157407,1.3926969532596658
median_baseline,4,ACXOE,cluster:ACXOE,1.8719813538433694,1.3926969532596658
median_baseline,4,AHNXC,cluster:1LT8G,1.796851749049887,1.3926969532596658
median_baseline,4,AJJAK,cluster:1LT8G,0.7092699609758307,1.3926969532596658
median_baseline,4,AQ2DU,cluster:VWTNO,0.3344537511509309,1.3926969532596658
median_baseline,4,BFJKS,cluster:1LT8G,1.5284024379536174,1.3926969532596658
median_baseline,4,BH9MB,cluster:ACXOE,2.205583258640754,1.3926969532596658
median_baseline,4,BRFP4,cluster:1LT8G,1.3710678622717363,1.3926969532596658
median_baseline,4,C2N5S,cluster:1LT8G,0.6434526764861874,1.3926969532596658
median_baseline,4,DBBO8,cluster:1LT8G,1.414973347970818,1.3926969532596658
median_baseline,4,DKZQ7,cluster:1LT8G,0.9370161074648142,1.3926969532596658
median_baseline,4,DTAXR,cluster:1LT8G,0.7403626894942439,1.3926969532596658
median_baseline,4,DX3TE,cluster:5TSUE,0.029383777685209667,1.3926969532596658
median_baseline,4,E3FDV,cluster:1LT8G,1.4008832155483628,1.3926969532596658
median_baseline,4,F35B7,cluster:1LT8G,1.8882918453565154,1.3926969532596658
median_baseline,4,G5OWS,cluster:1LT8G,1.7488080049586023,1.3926969532596658
median_baseline,4,G9U12,cluster:1LT8G,1.5696079675468244,1.3926969532596658
median_baseline,4,GLJ6S,cluster:1LT8G,0.5440680443502757,1.3926969532596658
median_baseline,4,GSP4M,cluster:VWTNO,0.3873898263387294,1.3926969532596658
median_baseline,4,HGBNQ,cluster:P2GXH,1.5237464668115646,1.3926969532596658
median_baseline,4,HMK8R,cluster:134NN,1.813247300897605,1.3926969532596658
median_baseline,4,JOHLM,cluster:VWTNO,1.209783014848515,1.3926969532596658
median_baseline,4,JS116,cluster:5TSUE,0.00860017176191757,1.3926969532596658
median_baseline,4,JS838,cluster:1LT8G,1.2201080880400552,1.3926969532596658
median_baseline,4,KEBCT,cluster:4XHVQ,2.042260406689452,1.3926969532596658
median_baseline,4,LF3LJ,cluster:1LT8G,1.5341530741850626,1.3926969532596658
median_baseline,4,LG377,cluster:1LT8G,0.8331471119127851,1.3926969532596658
median_baseline,4,LNY1F,cluster:VWTNO,0.8450980400142568,1.3926969532596658
median_baseline,4,LP3PQ,cluster:VWTNO,0.11394335230683679,1.3926969532596658
median_baseline,4,M59JJ,cluster:1LT8G,1.077731179652392,1.3926969532596658
median_baseline,4,MZMFB,cluster:1LT8G,1.7678976160180906,1.3926969532596658
median_baseline,4,NENVO,cluster:NENVO,0.8680563618230416,1.3926969532596658
median_baseline,4,NLF4R,cluster:1LT8G,0.670245853074124,1.3926969532596658
median_baseline,4,OADBJ,cluster:1LT8G,1.376576957056512,1.3926969532596658
median_baseline,4,OAKV5,cluster:1LT8G,1.4163075870598825,1.3926969532596658
median_baseline,4,OORFP,cluster:P2GXH,1.0261245167454502,1.3926969532596658
median_baseline,4,OSFMK,cluster:OSFMK,1.5059635180181261,1.3926969532596658
median_baseline,4,P2GXH,cluster:P2GXH,1.717670503002262,1.3926969532596658
median_baseline,4,PGSB7,cluster:PGSB7,0.00860017176191757,1.3926969532596658
median_baseline,4,PL2EH,cluster:PL2EH,0.004321373782642578,1.3926969532596658
median_baseline,4,Q2ZO7,cluster:1LT8G,1.3636119798921444,1.3926969532596658
median_baseline,4,Q5DYR,cluster:1KUE6,1.1316186643491255,1.3926969532596658
median_baseline,4,Q8TQ6,cluster:1LT8G,0.3364597338485295,1.3926969532596658
median_baseline,4,Q8WTP,cluster:4XHVQ,2.1043163645117278,1.3926969532596658
median_baseline,4,QGZZT,cluster:VWTNO,1.119585774961784,1.3926969532596658
median_baseline,4,QJV5C,cluster:1LT8G,1.7845459740545226,1.3926969532596658
median_baseline,4,QUVLA,cluster:5TSUE,0.037426497940623665,1.3926969532596658
median_baseline,4,RATTD,cluster:1LT8G,0.9912260756924949,1.3926969532596658
median_baseline,4,REVUQ,cluster:1LT8G,0.4014005407815441,1.3926969532596658
median_baseline,4,ROTAL,cluster:PL2EH,0.004321373782642578,1.3926969532596658
median_baseline,4,RR1M4,cluster:134NN,1.5046067706419537,1.3926969532596658
median_baseline,4,RTMMX,cluster:1LT8G,1.1495270137543478,1.3926969532596658
median_baseline,4,RU9EF,cluster:1LT8G,0.7339992865383869,1.3926969532596658
median_baseline,4,S4HC8,cluster:1LT8G,1.6901960800285136,1.3926969532596658
median_baseline,4,S6A7A,cluster:1LT8G,1.2776092143040911,1.3926969532596658
median_baseline,4,T5A9C,cluster:T5A9C,1.7958105246674083,1.3926969532596658
median_baseline,4,T9G4X,cluster:1LT8G,0.9415114326344031,1.3926969532596658
median_baseline,4,TC87V,cluster:TC87V,1.7531999141994161,1.3926969532596658
median_baseline,4,TDA9A,cluster:TDA9A,1.2743887955503788,1.3926969532596658
median_baseline,4,TL112,cluster:1LT8G,1.4969296480732148,1.3926969532596658
median_baseline,4,UQCHR,cluster:1LT8G,1.5211380837040362,1.3926969532596658
median_baseline,4,UQH8C,cluster:1LT8G,1.2683439139510646,1.3926969532596658
median_baseline,4,VWTNO,cluster:VWTNO,0.8692317197309762,1.3926969532596658
median_baseline,4,VXEVZ,cluster:1LT8G,1.3494717992143856,1.3926969532596658
median_baseline,4,W34KB,cluster:1LT8G,1.3382572302462556,1.3926969532596658
median_baseline,4,W7ZR3,cluster:W7ZR3,1.7326349675391959,1.3926969532596658
median_baseline,4,WHKL9,cluster:5TSUE,0.037426497940623665,1.3926969532596658
median_baseline,4,WRF55,cluster:1LT8G,1.2000292665537702,1.3926969532596658
median_baseline,4,XQCPX,cluster:1LT8G,1.4387005329007363,1.3926969532596658
median_baseline,4,Z3GLX,cluster:1LT8G,1.1448854182871424,1.3926969532596658
median_baseline,4,Z97VJ,cluster:4XHVQ,2.199124114623325,1.3926969532596658
median_baseline,4,ZO7NN,cluster:1LT8G,1.523486332343228,1.3926969532596658
median_baseline,4,ZOL96,cluster:VWTNO,0.08635983067474821,1.3926969532596658
median_baseline,5,1K2R7,cluster:WQUOO,1.4281347940287887,1.3712526291249394
median_baseline,5,1LZV9,cluster:WQUOO,0.8633228601204559,1.3712526291249394
median_baseline,5,1Q7JU,cluster:WQUOO,1.4857214264815801,1.3712526291249394
median_baseline,5,1XF1B,cluster:WQUOO,1.3170181010481115,1.3712526291249394
median_baseline,5,243P7,cluster:WQUOO,1.368472838440362,1.3712526291249394
median_baseline,5,27HOS,cluster:WQUOO,1.146128035678238,1.3712526291249394
median_baseline,5,2A3U4,cluster:WQUOO,0.6454222693490919,1.3712526291249394
median_baseline,5,2KWB9,cluster:WQUOO,1.6494322232416165,1.3712526291249394
median_baseline,5,2V75Y,cluster:WQUOO,1.5314789170422551,1.3712526291249394
median_baseline,5,2VONA,cluster:WQUOO,0.7092699609758307,1.3712526291249394
median_baseline,5,37ZRR,cluster:WQUOO,1.5547313766759665,1.3712526291249394
median_baseline,5,3Q37R,cluster:WQUOO,1.8485585721237634,1.3712526291249394
median_baseline,5,49YLM,cluster:WQUOO,1.5543680009900875,1.3712526291249394
median_baseline,5,4GMRC,cluster:WQUOO,1.6494322232416165,1.3712526291249394
median_baseline,5,4OC6N,cluster:WQUOO,1.1176026916900843,1.3712526291249394
median_baseline,5,4VSRL,cluster:WQUOO,1.5024271199844328,1.3712526291249394
median_baseline,5,4Z641,cluster:WQUOO,1.9312544064164134,1.3712526291249394
median_baseline,5,4Z6XY,cluster:WQUOO,1.2875778090787053,1.3712526291249394
median_baseline,5,514KE,cluster:WQUOO,1.2889196056617265,1.3712526291249394
median_baseline,5,59R1F,cluster:WQUOO,1.1139433523068367,1.3712526291249394
median_baseline,5,5E826,cluster:WQUOO,1.4183012913197455,1.3712526291249394
median_baseline,5,5NY15,cluster:WQUOO,0.900913067737669,1.3712526291249394
median_baseline,5,5WSHL,cluster:WQUOO,0.6384892569546373,1.3712526291249394
median_baseline,5,671NA,cluster:WQUOO,0.17609125905568124,1.3712526291249394
median_baseline,5,6E1ER,cluster:WQUOO,1.161966616364075,1.3712526291249394
median_baseline,5,6KPKA,cluster:WQUOO,1.1690863574870227,1.3712526291249394
median_baseline,5,6O8HW,cluster:WQUOO,0.787460474518415,1.3712526291249394
median_baseline,5,6ORKJ,cluster:WQUOO,1.4548448600085102,1.3712526291249394
median_baseline,5,6VP2A,cluster:WQUOO,1.8309092995464433,1.3712526291249394
median_baseline,5,6VV9O,cluster:WQUOO,1.0461047872460387,1.3712526291249394
median_baseline,5,7AV5G,cluster:WQUOO,1.4608978427565478,1.3712526291249394
median_baseline,5,7G47U,cluster:WQUOO,1.5412046906832584,1.3712526291249394
median_baseline,5,7QYHY,cluster:WQUOO,1.1687920203141817,1.3712526291249394
median_baseline,5,7ZG25,cluster:WQUOO,1.320354032817672,1.3712526291249394
median_baseline,5,8DNLG,cluster:WQUOO,1.6617180576946593,1.3712526291249394
median_baseline,5,8RSXF,cluster:WQUOO,0.9670797341444971,1.3712526291249394
median_baseline,5,963OH,cluster:WQUOO,1.3827372657613304,1.3712526291249394
median_baseline,5,9ALF8,cluster:WQUOO,1.3117538610557542,1.3712526291249394
median_baseline,5,9CEJ5,cluster:WQUOO,0.9459607035775686,1.3712526291249394
median_baseline,5,9H4UT,cluster:WQUOO,1.7057782128285977,1.3712526291249394
median_baseline,5,9HU84,cluster:WQUOO,0.6384892569546373,1.3712526291249394
median_baseline,5,9KYTB,cluster:WQUOO,1.3873898263387294,1.3712526291249394
median_baseline,5,9PBZV,cluster:WQUOO,0.47712125471966244,1.3712526291249394
median_baseline,5,A2OWC,cluster:WQUOO,1.374565060722765,1.3712526291249394
median_baseline,5,A6N87,cluster:WQUOO,1.150756439860309,1.3712526291249394
median_baseline,5,AD4BK,cluster:WQUOO,1.6031443726201824,1.3712526291249394
median_baseline,5,AQACH,cluster:WQUOO,1.908913740020971,1.3712526291249394
median_baseline,5,B28N7,cluster:WQUOO,1.3926969532596658,1.3712526291249394
median_baseline,5,B4SOW,cluster:WQUOO,1.7415455167762095,1.3712526291249394
median_baseline,5,B6J33,cluster:WQUOO,1.5587085705331658,1.3712526291249394
median_baseline,5,B72B1,cluster:WQUOO,0.7831886910752576,1.3712526291249394
median_baseline,5,B8S8J,cluster:WQUOO,0.6739419986340879,1.3712526291249394
median_baseline,5,BJRSJ,cluster:WQUOO,1.5520595341878844,1.3712526291249394
median_baseline,5,BKD94,cluster:WQUOO,1.1430148002540952,1.3712526291249394
median_baseline,5,BL164,cluster:WQUOO,1.5118833609788744,1.3712526291249394
median_baseline,5,BSK5M,cluster:WQUOO,1.110252917353403,1.3712526291249394
median_baseline,5,BU5R3,cluster:WQUOO,0.6627578316815741,1.3712526291249394
median_baseline,5,C5EUY,cluster:WQUOO,1.9409644934927994,1.3712526291249394
median_baseline,5,CGRMD,cluster:WQUOO,1.9608986773266608,1.3712526291249394
median_baseline,5,CVUYM,cluster:WQUOO,1.4418521757732918,1.3712526291249394
median_baseline,5,D4OFQ,cluster:WQUOO,0.5024271199844327,1.3712526291249394
median_baseline,5,D7L1L,cluster:WQUOO,0.3729120029701066,1.3712526291249394
median_baseline,5,D7QYG,cluster:WQUOO,1.3457656931144881,1.3712526291249394
median_baseline,5,D9JZ4,cluster:WQUOO,1.4252080511386562,1.3712526291249394
median_baseline,5,DF1S4,cluster:WQUOO,1.4329692908744058,1.3712526291249394
median_baseline,5,DO6Z1,cluster:WQUOO,0.28330122870354957,1.3712526291249394
median_baseline,5,DVMQ7,cluster:WQUOO,1.276921132065774,1.3712526291249394
median_baseline,5,EEJ9Q,cluster:WQUOO,1.3176455432211587,1.3712526291249394
median_baseline,5,EG3EK,cluster:WQUOO,1.1760912590556813,1.3712526291249394
median_baseline,5,F9HKG,cluster:WQUOO,0.5563025007672873,1.3712526291249394
median_baseline,5,FE6UX,cluster:WQUOO,1.9910931080488874,1.3712526291249394
median_baseline,5,G1VL1,cluster:WQUOO,1.8709888137605752,1.3712526291249394
median_baseline,5,G4VP2,cluster:WQUOO,1.2913688504515826,1.3712526291249394
median_baseline,5,GB9EO,cluster:WQUOO,1.843108141999607,1.3712526291249394
median_baseline,5,GHBKT,cluster:WQUOO,1.3271545124094315,1.3712526291249394
median_baseline,5,GJETS,cluster:WQUOO,1.54282542695918,1.3712526291249394
median_baseline,5,GLAD6,cluster:WQUOO,1.6031443726201824,1.3712526291249394
median_baseline,5,GQRF2,cluster:WQUOO,1.4548448600085102,1.3712526291249394
median_baseline,5,H99SX,cluster:WQUOO,1.7114697818743279,1.3712526291249394
median_baseline,5,HFE84,cluster:WQUOO,1.250420002308894,1.3712526291249394
median_baseline,5,HUE6V,cluster:WQUOO,1.9503648543761232,1.3712526291249394
median_baseline,5,HXP5A,cluster:WQUOO,1.6443400988263226,1.3712526291249394
median_baseline,5,J2JWA,cluster:WQUOO,1.2347702951609165,1.3712526291249394
median_baseline,5,J325F,cluster:WQUOO,1.2299376859079338,1.3712526291249394
median_baseline,5,J59TV,cluster:WQUOO,1.734399742520567,1.3712526291249394
median_baseline,5,JJV3D,cluster:WQUOO,1.7114697818743279,1.3712526291249394
median_baseline,5,JM7JP,cluster:WQUOO,0.16136800223497488,1.3712526291249394
median_baseline,5,JY7XC,cluster:WQUOO,1.5444401373176924,1.3712526291249394
median_baseline,5,JYYJ1,cluster:WQUOO,1.2533380053261065,1.3712526291249394
median_baseline,5,KBERH,cluster:WQUOO,1.4082399653118496,1.3712526291249394
median_baseline,5,KSK4V,cluster:WQUOO,1.437750562820388,1.3712526291249394
median_baseline,5,LDZC9,cluster:WQUOO,0.7024305364455253,1.3712526291249394
median_baseline,5,LKB4E,cluster:WQUOO,0.8413594704548549,1.3712526291249394
median_baseline,5,LS1K6,cluster:WQUOO,1.496376054012401,1.3712526291249394
median_baseline,5,MGNCD,cluster:WQUOO,0.9232440186302765,1.3712526291249394
median_baseline,5,MLHQR,cluster:WQUOO,1.8536982117761744,1.3712526291249394
median_baseline,5,MRKZY,cluster:WQUOO,1.4471580313422192,1.3712526291249394
median_baseline,5,MVN8T,cluster:WQUOO,1.1622656142980214,1.3712526291249394
median_baseline,5,N6ZHS,cluster:WQUOO,1.7805333253164044,1.3712526291249394
median_baseline,5,NLY5P,cluster:WQUOO,1.437750562820388,1.3712526291249394
median_baseline,5,NOX8W,cluster:WQUOO,0.424881636631067,1.3712526291249394
median_baseline,5,OMA2X,cluster:WQUOO,0.9084850188786497,1.3712526291249394
median_baseline,5,ORBRD,cluster:WQUOO,1.343802333161655,1.3712526291249394
median_baseline,5,P38Q4,cluster:WQUOO,1.212187604403958,1.3712526291249394
median_baseline,5,PF2S1,cluster:WQUOO,1.891425942847994,1.3712526291249394
median_baseline,5,Q7WVB,cluster:WQUOO,1.9708116108725178,1.3712526291249394
median_baseline,5,QKFJN,cluster:WQUOO,1.5390760987927767,1.3712526291249394
median_baseline,5,QPK3T,cluster:WQUOO,0.8633228601204559,1.3712526291249394
median_baseline,5,QS3XQ,cluster:WQUOO,1.6058435390580892,1.3712526291249394
median_baseline,5,QX7D1,cluster:WQUOO,1.2638726768652235,1.3712526291249394
median_baseline,5,R9NL8,cluster:WQUOO,1.53832233323144,1.3712526291249394
median_baseline,5,RDRFL,cluster:WQUOO,0.9822712330395684,1.3712526291249394
median_baseline,5,RFW2X,cluster:WQUOO,0.6757783416740851,1.3712526291249394
median_baseline,5,RYFE4,cluster:WQUOO,1.9345994382180731,1.3712526291249394
median_baseline,5,SBLM5,cluster:WQUOO,1.6987962517904311,1.3712526291249394
median_baseline,5,SDS4K,cluster:WQUOO,0.800717078282385,1.3712526291249394
median_baseline,5,SGW8V,cluster:WQUOO,1.2720737875000099,1.3712526291249394
median_baseline,5,SSTDU,cluster:WQUOO,1.2638726768652235,1.3712526291249394
median_baseline,5,SXYKQ,cluster:WQUOO,1.6227319651647192,1.3712526291249394
median_baseline,5,SY6TH,cluster:WQUOO,1.7611758131557314,1.3712526291249394
median_baseline,5,SZYEK,cluster:WQUOO,1.7601207852645675,1.3712526291249394
median_baseline,5,T23T9,cluster:WQUOO,1.06707085604537,1.3712526291249394
median_baseline,5,T972V,cluster:WQUOO,1.2187979981117376,1.3712526291249394
median_baseline,5,THWKH,cluster:WQUOO,0.7474118078864233,1.3712526291249394
median_baseline,5,TPB93,cluster:WQUOO,1.5643109099606027,1.3712526291249394
median_baseline,5,TR5BB,cluster:WQUOO,1.5211380837040362,1.3712526291249394
median_baseline,5,TUONH,cluster:WQUOO,1.235528446907549,1.3712526291249394
median_baseline,5,TWJXO,cluster:WQUOO,1.5538830266438743,1.3712526291249394
median_baseline,5,TZ5KN,cluster:WQUOO,1.4320066872695982,1.3712526291249394
median_baseline,5,UDAAK,cluster:WQUOO,1.4653828514484182,1.3712526291249394
median_baseline,5,UNETX,cluster:WQUOO,1.8418598097750611,1.3712526291249394
median_baseline,5,UOJ8M,cluster:WQUOO,0.9566485792052033,1.3712526291249394
median_baseline,5,UPG56,cluster:WQUOO,1.88218288763027,1.3712526291249394
median_baseline,5,UQX41,cluster:WQUOO,1.7295697263019698,1.3712526291249394
median_baseline,5,V3NZ1,cluster:WQUOO,1.6753199833392922,1.3712526291249394
median_baseline,5,V534T,cluster:WQUOO,1.2753113545418118,1.3712526291249394
median_baseline,5,V7M33,cluster:WQUOO,1.505149978319906,1.3712526291249394
median_baseline,5,V7NZK,cluster:WQUOO,1.6468936241677452,1.3712526291249394
median_baseline,5,V81JD,cluster:WQUOO,1.1961761850399732,1.3712526291249394
median_baseline,5,VE1RL,cluster:WQUOO,1.616160312847583,1.3712526291249394
median_baseline,5,VR7EN,cluster:WQUOO,1.7746629225378223,1.3712526291249394
median_baseline,5,WCSN6,cluster:WQUOO,1.8296896408989711,1.3712526291249394
median_baseline,5,WQ6TU,cluster:WQUOO,1.3895204658463773,1.3712526291249394
median_baseline,5,WQUOO,cluster:WQUOO,1.7595923086459748,1.3712526291249394
median_baseline,5,WRK8K,cluster:WQUOO,1.3441957158714348,1.3712526291249394
median_baseline,5,XBGJO,cluster:WQUOO,1.3763944420372662,1.3712526291249394
median_baseline,5,XZJ98,cluster:WQUOO,1.7460111077519258,1.3712526291249394
median_baseline,5,YAH6C,cluster:WQUOO,1.5409548089261327,1.3712526291249394
median_baseline,5,YUJWJ,cluster:WQUOO,1.7287594751678743,1.3712526291249394
median_baseline,5,YVJ5E,cluster:WQUOO,1.2041199826559248,1.3712526291249394
median_baseline,5,YX459,cluster:WQUOO,1.861534410859038,1.3712526291249394
median_baseline,5,ZMWEJ,cluster:WQUOO,1.1878026387184193,1.3712526291249394
median_baseline,5,ZVV1B,cluster:WQUOO,1.115943176939055,1.3712526291249394
median_baseline,5,ZWH88,cluster:WQUOO,1.842609239610562,1.3712526291249394
composition_ridge,1,1AFJZ,cluster:45EFN,1.8976270912904414,1.4407125688416549
composition_ridge,1,1BEMJ,cluster:Y46HX,1.8729134416203952,1.6175092132038882
composition_ridge,1,1VSM7,cluster:45EFN,1.8300109359361179,1.4158605098253758
composition_ridge,1,2BJM7,cluster:O8SH6,1.4387005329007363,1.5887116031717117
composition_ridge,1,2G7N6,cluster:45EFN,1.828917561616686,1.5670032330832349
composition_ridge,1,3DUUH,cluster:45EFN,1.7427251313046983,1.6005332181622935
composition_ridge,1,444PN,cluster:45EFN,1.2895889525425968,1.4746147024074805
composition_ridge,1,45EFN,cluster:45EFN,0.15228834438305647,1.766409522371224
composition_ridge,1,4BUSQ,cluster:4BUSQ,0.6148972160331346,1.2263145310269665
composition_ridge,1,4O71N,cluster:45EFN,1.4329692908744058,1.4592714522935246
composition_ridge,1,588N2,cluster:45EFN,1.1986570869544226,1.6342281558698188
composition_ridge,1,5CEBO,cluster:45EFN,1.8382192219076259,1.515280989282986
composition_ridge,1,5DP2R,cluster:45EFN,1.2027606873932,1.5395006024729991
composition_ridge,1,5EU5J,cluster:5EU5J,2.007064656378332,1.3776597173501073
composition_ridge,1,5GR1V,cluster:45EFN,1.5538830266438743,1.6727011043973925
composition_ridge,1,5YCFA,cluster:45EFN,1.130333768495006,1.6484343272030777
composition_ridge,1,68RZA,cluster:68RZA,0.6106601630898799,0.6978581888907869
composition_ridge,1,6LJKY,cluster:45EFN,0.6683859166900001,1.822983148676359
composition_ridge,1,6VVTK,cluster:45EFN,1.7570922201189325,1.5795666426955504
composition_ridge,1,73TKS,cluster:73TKS,1.6966184592322249,1.354451187203368
composition_ridge,1,782GK,cluster:782GK,1.6933751510251853,1.262387048359782
composition_ridge,1,86FNG,cluster:45EFN,1.0346284566253203,1.5546284473286796
composition_ridge,1,893F3,cluster:45EFN,1.6127838567197355,1.6698451032308848
composition_ridge,1,8BUQQ,cluster:8BUQQ,1.8707549448901402,1.310923268843474
composition_ridge,1,8PKAY,cluster:O8SH6,0.8382192219076258,1.5716269608297393
composition_ridge,1,9GUD2,cluster:45EFN,0.7160033436347992,1.7263806515450437
composition_ridge,1,A3B6M,cluster:45EFN,1.3161800988934527,1.511533565420927
composition_ridge,1,A6URG,cluster:A6URG,0.9057958803678685,1.1560233617602316
composition_ridge,1,AL871,cluster:45EFN,0.3979400086720376,1.6971118423763512
composition_ridge,1,AQ8G3,cluster:45EFN,1.7692295817365937,1.6273213129866324
composition_ridge,1,BXYZE,cluster:Y46HX,1.6454222693490919,1.5240661844687706
composition_ridge,1,CC2YL,cluster:45EFN,0.7774268223893114,1.6942638426391656
composition_ridge,1,CN92E,cluster:45EFN,1.2664668954402414,1.6233294561125429
composition_ridge,1,CQCQT,cluster:45EFN,1.0976043288744108,1.6341964292156448
composition_ridge,1,CS45L,cluster:45EFN,0.1673173347481761,1.7452367262316373
composition_ridge,1,DCYCK,cluster:45EFN,1.13481437032046,1.6120755543965346
composition_ridge,1,DFXUK,cluster:45EFN,1.686725621074542,1.5161603089330444
composition_ridge,1,EGE3L,cluster:45EFN,1.7015679850559273,1.401329708009662
composition_ridge,1,EY2GX,cluster:45EFN,1.0472748673841794,1.6224573137613247
composition_ridge,1,FLO5T,cluster:45EFN,0.48287358360875376,1.546676361498206
composition_ridge,1,FRM5D,cluster:45EFN,1.4800069429571505,1.5874597988125723
composition_ridge,1,FVS3D,cluster:45EFN,1.8512583487190752,1.5994101605410533
composition_ridge,1,G1DQY,cluster:45EFN,1.686725621074542,1.5867899720444738
composition_ridge,1,G6HDH,cluster:45EFN,1.6988831367525903,1.6232560812293442
composition_ridge,1,GJDTN,cluster:Y46HX,1.187520720836463,1.2638856539779215
composition_ridge,1,GSCT9,cluster:GSCT9,1.919810020170196,1.3670886504238782
composition_ridge,1,GW5EB,cluster:GW5EB,0.6627578316815741,1.1123331197344748
composition_ridge,1,H6RGM,cluster:45EFN,0.29885307640970665,1.7206797703808694
composition_ridge,1,HQZZC,cluster:45EFN,0.9666109866819343,1.5534947369001475
composition_ridge,1,HZMZV,cluster:45EFN,1.7109631189952756,1.8042129113824696
composition_ridge,1,JGCGO,cluster:782GK,1.3677285460869766,1.1686847492115604
composition_ridge,1,JMXXU,cluster:45EFN,1.1746411926604485,1.7114026323708542
composition_ridge,1,JTXCJ,cluster:Y46HX,1.7745169657285496,1.2347190751285964
composition_ridge,1,JVYE5,cluster:45EFN,0.8426092396105621,1.6903644594797431
composition_ridge,1,JXVU8,cluster:45EFN,0.2695129442179163,1.8009096894658856
composition_ridge,1,MEFJC,cluster:8BUQQ,1.8546703318953355,1.271071401263654
composition_ridge,1,MSSUL,cluster:45EFN,1.0603200286882852,1.6840083118033915
composition_ridge,1,N33JN,cluster:45EFN,0.6830470382388496,1.7728971656046588
composition_ridge,1,N63O3,cluster:45EFN,1.0934216851622351,1.6606693004208124
composition_ridge,1,N8PD5,cluster:45EFN,1.0515383905153275,1.5972588705273107
composition_ridge,1,N9NE1,cluster:N9NE1,0.8135809885681919,0.359954296602754
composition_ridge,1,NYYN4,cluster:45EFN,1.4061994236633129,1.575098252971441
composition_ridge,1,O351D,cluster:45EFN,0.3424226808222063,1.7423750952539114
composition_ridge,1,O8SH6,cluster:O8SH6,1.2538224387080734,1.4569762149826997
composition_ridge,1,OF5G5,cluster:45EFN,0.02530586526477026,1.4890494526817974
composition_ridge,1,OMODZ,cluster:45EFN,0.967547976218862,1.644445617400348
composition_ridge,1,OOASP,cluster:45EFN,0.9867717342662449,1.540528965797054
composition_ridge,1,OS9DX,cluster:45EFN,1.4571246263034088,1.8235154842096764
composition_ridge,1,OVJRJ,cluster:45EFN,1.3873898263387294,1.6425471991969003
composition_ridge,1,OW4TY,cluster:8BUQQ,1.8673496171887924,1.4346445692071295
composition_ridge,1,P4KRD,cluster:45EFN,1.2400497721126476,1.612532969403715
composition_ridge,1,PL518,cluster:45EFN,0.7810369386211319,1.6379029403853635
composition_ridge,1,POBTH,cluster:45EFN,1.1360860973840974,1.5494053858321677
composition_ridge,1,Q8AAM,cluster:45EFN,0.414973347970818,1.6641950044309146
composition_ridge,1,QB1DP,cluster:73TKS,1.5938396610812713,1.2413419571395097
composition_ridge,1,QEO8D,cluster:45EFN,0.292256071356476,1.8054708752476314
composition_ridge,1,QNYK6,cluster:QNYK6,1.3159703454569178,0.6539372620911018
composition_ridge,1,QNZSY,cluster:8BUQQ,1.8597385661971468,1.2320917848861814
composition_ridge,1,QQJHZ,cluster:O8SH6,1.6211762817750353,1.5382304781581895
composition_ridge,1,QRBKZ,cluster:Y46HX,1.5423273827739743,1.2371777189951558
composition_ridge,1,RSRP9,cluster:45EFN,1.6122539060964374,1.5642621532658123
composition_ridge,1,S1U3D,cluster:S1U3D,1.6967930850817443,1.0926006875666938
composition_ridge,1,SKHT2,cluster:GSCT9,2.0549958615291417,1.4959187781461267
composition_ridge,1,SS15T,cluster:45EFN,0.893206753059848,1.7169640036284601
composition_ridge,1,STCSK,cluster:45EFN,1.2024883170600935,1.495413167759808
composition_ridge,1,SV3XM,cluster:45EFN,1.1373541113707328,1.6096561883491562
composition_ridge,1,T5UGO,cluster:45EFN,1.576916955965207,1.7352685141219852
composition_ridge,1,THSBS,cluster:45EFN,1.8404197777364861,1.358928341112384
composition_ridge,1,TN3DM,cluster:45EFN,1.4329692908744058,1.5262150124045981
composition_ridge,1,TXLFX,cluster:45EFN,1.4712917110589385,1.6217532736980944
composition_ridge,1,U69HK,cluster:73TKS,1.4852954387260888,1.1589944702660653
composition_ridge,1,U76BO,cluster:45EFN,1.5066403055665025,1.6062035656717542
composition_ridge,1,U97V7,cluster:8BUQQ,1.8673496171887924,1.2241413755227422
composition_ridge,1,UUTXN,cluster:68RZA,1.0191162904470727,1.1624258800517835
composition_ridge,1,UVJD2,cluster:45EFN,1.315550534421905,1.579874866684934
composition_ridge,1,V41RE,cluster:45EFN,1.6269559514354475,1.660035760866335
composition_ridge,1,V5FM2,cluster:45EFN,1.1430148002540952,1.7062937945683254
composition_ridge,1,VB2NB,cluster:45EFN,1.568788212315347,1.4918529354963068
composition_ridge,1,VSU6B,cluster:45EFN,1.4768316285122607,1.6045697470316407
composition_ridge,1,WK5F6,cluster:GSCT9,2.156851901070011,1.155646505176322
composition_ridge,1,WN1JX,cluster:4BUSQ,0.6720978579357175,1.2555877277713763
composition_ridge,1,WNJAS,cluster:45EFN,0.7979596437371962,1.6226300433304253
composition_ridge,1,WRGL6,cluster:782GK,1.652149605401653,1.27752942967305
composition_ridge,1,XHBTX,cluster:45EFN,1.1562461903973444,1.6121821793581501
composition_ridge,1,XOVUP,cluster:45EFN,0.30749603791321295,1.8220885387090016
composition_ridge,1,XU2WO,cluster:45EFN,0.7075701760979364,1.6557397713577018
composition_ridge,1,Y46HX,cluster:Y46HX,1.2591158441850663,1.2303084633474572
composition_ridge,1,YEOJF,cluster:QNYK6,0.7558748556724915,0.4265751723000968
composition_ridge,1,YQ25V,cluster:YQ25V,2.0670708560453703,1.0679661544172783
composition_ridge,1,ZERB6,cluster:45EFN,1.2263420871636308,1.703816251137061
composition_ridge,1,ZHYAA,cluster:45EFN,1.8092903011763157,1.6201320771041456
composition_ridge,1,ZRKRV,cluster:GSCT9,1.9722028383790644,1.4691114827966565
composition_ridge,2,11G2Y,cluster:AJCVH,1.9936125579388904,1.484812313559948
composition_ridge,2,15MYG,cluster:5LCAQ,0.9768083373380663,1.0561143245880107
composition_ridge,2,16WGJ,cluster:AJCVH,1.7109631189952756,1.655218384379765
composition_ridge,2,1KNNM,cluster:1KNNM,1.0515383905153275,1.4337130111096583
composition_ridge,2,1L4BP,cluster:1L4BP,1.6991436873944838,1.7508675465980943
composition_ridge,2,1NUNN,cluster:GNU4X,1.3647385550553985,1.1787751027532993
composition_ridge,2,1SEDF,cluster:AJCVH,1.3180633349627615,1.6939002675865644
composition_ridge,2,296AF,cluster:9JNRR,1.2671717284030137,1.2276547829702422
composition_ridge,2,2BK6M,cluster:A315M,1.6334684555795864,1.6076699812031434
composition_ridge,2,2DB3H,cluster:GNU4X,2.03342375548695,1.3034653903478441
composition_ridge,2,3CN24,cluster:HKDXH,0.8715729355458788,0.8059051539037438
composition_ridge,2,3F18R,cluster:BUJNN,0.02530586526477026,1.0797926068026025
composition_ridge,2,3SXVB,cluster:AJCVH,1.3483048630481607,1.4918111238083611
composition_ridge,2,3W5ZV,cluster:T7XX8,1.830396176483469,1.1150484268845289
composition_ridge,2,498LC,cluster:T7XX8,1.3712526291249394,1.3770089194462547
composition_ridge,2,4NRYW,cluster:T7XX8,1.9939649981951189,1.1692075399202901
composition_ridge,2,5LCAQ,cluster:5LCAQ,1.5645477117559479,0.9906134297511108
composition_ridge,2,5N1DD,cluster:5N1DD,0.7101173651118162,1.0146488615693359
composition_ridge,2,5WALF,cluster:AJCVH,1.72607487021537,1.5436888719555908
composition_ridge,2,5YBHO,cluster:5YBHO,1.6551384348113822,1.2086821005448016
composition_ridge,2,6BXQP,cluster:T9CO9,2.0860037056183818,1.670069968661318
composition_ridge,2,6EEUG,cluster:HKDXH,1.1613680022349748,0.8181837840268602
composition_ridge,2,6KLAW,cluster:9JNRR,1.60422605308447,1.0090943627704605
composition_ridge,2,73GT1,cluster:AJCVH,1.8713977814874838,1.535096761830208
composition_ridge,2,7DP3C,cluster:9JNRR,1.0056094453602804,0.9629848787395714
composition_ridge,2,81ENW,cluster:AJCVH,1.0511525224473812,1.677164833425191
composition_ridge,2,8DFHZ,cluster:AJCVH,1.8882918453565154,1.5414615517217112
composition_ridge,2,8DX6R,cluster:9JNRR,1.7678976160180906,1.2274344945166191
composition_ridge,2,8QC31,cluster:AJCVH,1.5963771439975991,1.472984957556613
composition_ridge,2,8TF9W,cluster:T7XX8,1.7107940999303275,1.188355056461122
composition_ridge,2,8TL1P,cluster:5N1DD,0.5809249756756193,1.1219080837191893
composition_ridge,2,97MBQ,cluster:HKDXH,1.2624510897304295,0.7344281726303473
composition_ridge,2,9JNRR,cluster:9JNRR,0.5502283530550941,1.0782392470381437
composition_ridge,2,A315M,cluster:A315M,1.5809249756756194,1.158078482544625
composition_ridge,2,A77ZH,cluster:9JNRR,1.1892094895823062,1.2075933965202443
composition_ridge,2,AE8QV,cluster:9JNRR,0.9800033715837464,0.9007126290269794
composition_ridge,2,AJCVH,cluster:AJCVH,1.6110857334148727,1.5780889229872692
composition_ridge,2,ALL3F,cluster:9JNRR,1.506234359612126,1.2632905385710331
composition_ridge,2,ASMG7,cluster:GNU4X,1.8798410559865626,1.5796190271469908
composition_ridge,2,B3LN6,cluster:9JNRR,1.1277525158329733,1.2012938733551954
composition_ridge,2,B4SGV,cluster:BUJNN,0.12057393120584989,1.0904438551315763
composition_ridge,2,B53TZ,cluster:V6A1P,0.8965262174895553,1.0292562035897912
composition_ridge,2,BUJNN,cluster:BUJNN,0.4913616938342727,1.267674797234623
composition_ridge,2,C2FJQ,cluster:C2FJQ,2.219846386024361,1.395504983418807
composition_ridge,2,EC56T,cluster:AJCVH,1.646501750031612,1.630786590246912
composition_ridge,2,F1MW1,cluster:BUJNN,0.6222140229662952,1.3073068630171698
composition_ridge,2,FD244,cluster:BUJNN,0.10380372095595687,1.1103060553354793
composition_ridge,2,FHG23,cluster:FHG23,0.526339277389844,1.2846953841724882
composition_ridge,2,G5H29,cluster:G5H29,0.9084850188786497,2.0434808432965115
composition_ridge,2,GHNRL,cluster:9JNRR,1.530199698203082,1.2495557499554657
composition_ridge,2,GNU4X,cluster:GNU4X,1.5938396610812713,1.3122693287289888
composition_ridge,2,GNV89,cluster:G5H29,0.9084850188786497,1.7646279262842066
composition_ridge,2,GUFES,cluster:GNU4X,1.8698182079793282,1.2792962310941298
composition_ridge,2,H8UXC,cluster:AJCVH,1.664265800147675,1.4861598564408334
composition_ridge,2,HC91W,cluster:GNU4X,1.6940784620807594,1.415172951145968
composition_ridge,2,HKDXH,cluster:HKDXH,0.9912260756924949,1.005728217294036
composition_ridge,2,KDHFJ,cluster:AJCVH,1.4212747912103465,1.6210450299862673
composition_ridge,2,KHSZ4,cluster:KHSZ4,2.091174360706882,2.0727336644933327
composition_ridge,2,KKQNA,cluster:GNU4X,1.5572665288699041,1.3826498191170882
composition_ridge,2,LDVKW,cluster:LDVKW,0.8785217955012065,0.9367549740891161
composition_ridge,2,LGDN9,cluster:5LCAQ,1.227115082589125,1.0560450760355533
composition_ridge,2,LMJV4,cluster:BUJNN,0.9360107957152095,1.3244444642183535
composition_ridge,2,LO7EL,cluster:T7XX8,1.7107940999303275,1.1357592064773485
composition_ridge,2,LTFO5,cluster:5LCAQ,1.146128035678238,1.0486504903218132
composition_ridge,2,LTRTO,cluster:C2FJQ,1.1172712956557642,1.0396136359970236
composition_ridge,2,LXWLT,cluster:GNU4X,1.8359441000938481,1.2601621594146017
composition_ridge,2,M3FBS,cluster:5N1DD,0.04921802267018165,1.1592169736952807
composition_ridge,2,MASAE,cluster:1KNNM,1.395501124305626,1.3418641597532937
composition_ridge,2,MHMQX,cluster:T7XX8,1.5305838596451178,1.4258214049614777
composition_ridge,2,MSYZC,cluster:HKDXH,1.0881360887005513,0.7590325386412241
composition_ridge,2,MZOGH,cluster:MZOGH,1.4996870826184039,1.1405515683211416
composition_ridge,2,N8HMF,cluster:AJCVH,1.3791241460703918,1.7128000776021137
composition_ridge,2,ND36H,cluster:5LCAQ,1.7541953881898384,1.2405213973650087
composition_ridge,2,NPCN7,cluster:T7XX8,1.3933996952931018,1.4617855638536714
composition_ridge,2,OTXRQ,cluster:AJCVH,1.6816029987308685,1.5381664603334144
composition_ridge,2,P3DVP,cluster:GNU4X,1.927883410330707,1.3046265882051324
composition_ridge,2,P9LBW,cluster:P9LBW,0.12710479836480765,1.254948863136017
composition_ridge,2,PA6OT,cluster:AJCVH,1.246498580795801,1.637890230880268
composition_ridge,2,PO1ML,cluster:5N1DD,1.6739419986340878,1.1250531097056
composition_ridge,2,Q5F5J,cluster:V6A1P,0.631443769013172,0.875707907103934
composition_ridge,2,Q92FU,cluster:BUJNN,1.0748164406451748,1.3113496965636042
composition_ridge,2,QB9WJ,cluster:HKDXH,1.2671717284030137,0.7874981653330515
composition_ridge,2,QVF1F,cluster:9JNRR,1.2445245115700838,1.2506048634224762
composition_ridge,2,R5RQ5,cluster:9JNRR,1.557507201905658,1.2436380600850285
composition_ridge,2,RD2N4,cluster:AJCVH,1.651859269246949,1.476806127199961
composition_ridge,2,SEJPD,cluster:HKDXH,0.04921802267018165,1.0016106890455645
composition_ridge,2,SXBT1,cluster:BUJNN,0.6493348587121419,1.232793405161319
composition_ridge,2,T41NE,cluster:5YBHO,1.5667909123815917,1.2647014852382354
composition_ridge,2,T44E8,cluster:5YBHO,1.742568034366142,1.0265563168726424
composition_ridge,2,T44HU,cluster:AJCVH,1.089905111439398,1.6493130066915809
composition_ridge,2,T7XX8,cluster:T7XX8,1.4068806700491248,1.0832723075429125
composition_ridge,2,T9CO9,cluster:T9CO9,1.4942937686653328,1.6757182560279629
composition_ridge,2,TDOH1,cluster:GNU4X,1.3926969532596658,1.3385819581375882
composition_ridge,2,U9LQE,cluster:AJCVH,1.6998377258672457,1.482336544395114
composition_ridge,2,UHFSE,cluster:5YBHO,1.8458419074217574,1.3484431830511472
composition_ridge,2,UL6ZA,cluster:BUJNN,0.004321373782642578,1.0875334342795657
composition_ridge,2,UWMXB,cluster:AJCVH,1.5994463757252757,1.490084124357371
composition_ridge,2,V2GB1,cluster:AJCVH,1.606488850442648,1.5912491711116297
composition_ridge,2,V6A1P,cluster:V6A1P,0.7299742856995556,0.9439701464502241
composition_ridge,2,VAXZZ,cluster:T7XX8,1.440121603187804,1.4092922781780757
composition_ridge,2,VPDTG,cluster:AJCVH,1.9026554752179259,1.475753499471521
composition_ridge,2,VPR4D,cluster:A315M,1.6020599913279623,1.6797568051770277
composition_ridge,2,VUXRF,cluster:AJCVH,1.7344797894255772,1.532412353598682
composition_ridge,2,VVNZ5,cluster:AJCVH,1.8016780590358932,1.4728839449696947
composition_ridge,2,W1X8H,cluster:T7XX8,1.768786046908014,1.1242653866050039
composition_ridge,2,W8LAG,cluster:5LCAQ,1.3697722885969628,1.120811480539422
composition_ridge,2,WBU2Y,cluster:AJCVH,1.7182525000977507,1.692893050550194
composition_ridge,2,WSRVG,cluster:V6A1P,0.8715729355458788,0.9364932823437516
composition_ridge,2,WVV8W,cluster:5YBHO,2.031408464251624,1.2869270603337188
composition_ridge,2,YJY7C,cluster:AJCVH,0.9339931638312423,1.5385944329929988
composition_ridge,2,YLRRG,cluster:AJCVH,1.4116197059632303,1.6740330088350512
composition_ridge,2,ZS5CR,cluster:T7XX8,1.2174839442139063,1.0521373188359524
composition_ridge,3,162KQ,cluster:6LRFZ,1.455149521179828,1.29505932671422
composition_ridge,3,1B7TK,cluster:1B7TK,0.9454685851318197,0.46388294893022575
composition_ridge,3,1M48O,cluster:1M48O,1.0253058652647702,1.4497699172327578
composition_ridge,3,21E2G,cluster:21E2G,1.5485122563410354,1.370439185657069
composition_ridge,3,21PQ5,cluster:21PQ5,1.8790958795000727,1.4020659689282553
composition_ridge,3,2EG15,cluster:2EG15,0.8992731873176038,0.8259341879201997
composition_ridge,3,2HEJS,cluster:6LRFZ,1.4913616938342726,1.3716612303461808
composition_ridge,3,2P4CB,cluster:437NM,1.530199698203082,0.9226868225010861
composition_ridge,3,31NFQ,cluster:6LRFZ,1.7424894645817752,1.49286374278363
composition_ridge,3,37XMD,cluster:6LRFZ,1.885134966063434,1.210021255561009
composition_ridge,3,3G1CL,cluster:2EG15,1.165244326125311,0.6665651372174197
composition_ridge,3,3KHK4,cluster:437NM,1.252367514459899,1.0314680425611218
composition_ridge,3,42Q3E,cluster:6LRFZ,1.3040594662175993,1.2073596764301624
composition_ridge,3,437NM,cluster:437NM,1.2278867046136734,1.115038046698523
composition_ridge,3,4JYN3,cluster:6LRFZ,0.02530586526477026,1.446301230318373
composition_ridge,3,4UCC6,cluster:6LRFZ,1.9807303765359454,1.4499314615057033
composition_ridge,3,52ADP,cluster:6LRFZ,1.3298045221640695,1.2187998430480207
composition_ridge,3,6LRFZ,cluster:6LRFZ,1.1939589780191868,1.4417159598334406
composition_ridge,3,7AJCQ,cluster:7AJCQ,0.06069784035361165,1.1652129389761847
composition_ridge,3,7GO5D,cluster:7GO5D,2.0752549005329,1.4945608024426775
composition_ridge,3,7P38V,cluster:6LRFZ,1.9124877613323237,1.2163104397479292
composition_ridge,3,87UEF,cluster:6LRFZ,1.4517864355242902,1.1255455599954078
composition_ridge,3,886AH,cluster:ESQ8O,1.7876021461823375,0.9863454976831061
composition_ridge,3,8XMCL,cluster:8XMCL,1.4871383754771865,1.2698198694698333
composition_ridge,3,9BOLR,cluster:DOU4X,2.152441238058955,1.3686737593716014
composition_ridge,3,9FQLJ,cluster:7GO5D,1.9169800473203822,1.4532722807865337
composition_ridge,3,9KH59,cluster:6LRFZ,1.387033701282363,1.6138359239244222
composition_ridge,3,9U6KU,cluster:6LRFZ,1.9017306917292187,1.233389786983256
composition_ridge,3,AJLWS,cluster:2EG15,0.8438554226231612,0.8182498798051743
composition_ridge,3,ASSY9,cluster:6LRFZ,1.7435097647284297,1.5203034846453243
composition_ridge,3,AW33C,cluster:21PQ5,1.250420002308894,1.3147555588273188
composition_ridge,3,AYRSR,cluster:1B7TK,0.5301996982030822,0.4770533102343606
composition_ridge,3,B1GJH,cluster:21E2G,1.1176026916900843,1.4048127825025833
composition_ridge,3,BQFPM,cluster:6LRFZ,1.8066547239918604,1.2069086812486491
composition_ridge,3,CQ4QL,cluster:6LRFZ,1.5409548089261327,1.127147625843564
composition_ridge,3,D87D7,cluster:6LRFZ,1.7987887139512493,1.2223715297732782
composition_ridge,3,DGXFA,cluster:2EG15,0.8633228601204559,0.69241422456652
composition_ridge,3,DKEXK,cluster:6LRFZ,2.054153240345694,1.5793495642091575
composition_ridge,3,DOGBN,cluster:6LRFZ,1.3710678622717363,1.1929802254021877
composition_ridge,3,DOU4X,cluster:DOU4X,2.166726055580052,0.9699900103286248
composition_ridge,3,DP999,cluster:1B7TK,1.1218879851036812,0.4714845216786582
composition_ridge,3,DSZCH,cluster:6LRFZ,1.230959555748569,1.0356661460392529
composition_ridge,3,DVDZZ,cluster:WH633,0.8494194137968994,1.374009816363702
composition_ridge,3,ESQ8O,cluster:ESQ8O,1.8004421213362567,1.2395389149093312
composition_ridge,3,F3GZ1,cluster:6LRFZ,1.5686709780098966,1.621391978715598
composition_ridge,3,FM4GO,cluster:6LRFZ,1.360971883725936,1.1619101404577366
composition_ridge,3,FM76L,cluster:6LRFZ,1.5477747053878226,1.502292692950818
composition_ridge,3,FRRJW,cluster:ESQ8O,1.7180862947830917,1.1192797943387391
composition_ridge,3,FWVH2,cluster:1M48O,1.7902147702439792,1.4723918755343106
composition_ridge,3,GCOU1,cluster:1B7TK,0.9670797341444971,0.5262514809118896
composition_ridge,3,GE6KO,cluster:6LRFZ,1.3710678622717363,1.1403470455276323
composition_ridge,3,GGUJF,cluster:6LRFZ,1.9242792860618816,1.2922979182507726
composition_ridge,3,GNJK5,cluster:1B7TK,0.9454685851318197,0.41787077207137946
composition_ridge,3,GZU2E,cluster:6LRFZ,1.6894864483642478,1.4378183534668165
composition_ridge,3,H93B4,cluster:7GO5D,1.8442907432543432,1.4963850684598219
composition_ridge,3,HO9GG,cluster:1B7TK,0.9982593384236987,0.46869133763407234
composition_ridge,3,HXBWE,cluster:HXBWE,0.08278537031645007,0.6351511486400444
composition_ridge,3,JB7SD,cluster:6LRFZ,0.7923916894982539,1.3096676559610818
composition_ridge,3,JVB9K,cluster:DOU4X,2.1645907601902237,1.4766834382666194
composition_ridge,3,JVUSZ,cluster:21PQ5,1.8309092995464433,1.4426349197775346
composition_ridge,3,K782G,cluster:6LRFZ,1.6358856852812727,1.1597304765201941
composition_ridge,3,KECCG,cluster:21E2G,1.3928727454020795,1.4285743540834026
composition_ridge,3,KETFB,cluster:8XMCL,1.5954962218255742,1.3960561198357717
composition_ridge,3,L1ZEW,cluster:6LRFZ,1.299725153975637,1.118923181599648
composition_ridge,3,L3C27,cluster:6LRFZ,1.6595359071542164,1.2221557883964886
composition_ridge,3,LQXJ6,cluster:21PQ5,1.6616234092292301,1.3762839878097541
composition_ridge,3,LY1S9,cluster:6LRFZ,0.8115750058705934,1.4901738036933134
composition_ridge,3,MNH1D,cluster:6LRFZ,0.8344207036815325,1.4650486728814707
composition_ridge,3,MQNBX,cluster:21E2G,1.8628466599829387,1.542206462923061
composition_ridge,3,MX4SD,cluster:6LRFZ,1.9738203243526837,1.6082092828482137
composition_ridge,3,N3G27,cluster:2EG15,1.0374264979406236,0.6217515739619894
composition_ridge,3,N6WUS,cluster:N6WUS,1.7352794480604568,1.2401005132535956
composition_ridge,3,NC216,cluster:NC216,0.7118072290411911,0.9923487429695552
composition_ridge,3,O2UFD,cluster:6LRFZ,1.2201080880400552,1.5168223284665825
composition_ridge,3,OB7P5,cluster:6LRFZ,1.5864747785713966,1.4423529132884818
composition_ridge,3,OOLCX,cluster:WH633,0.7930916001765802,1.304447932735603
composition_ridge,3,OX75X,cluster:2EG15,0.829946695941636,0.7201147560736284
composition_ridge,3,OYSEV,cluster:7GO5D,1.1379867327235316,1.5342937903716114
composition_ridge,3,OZEBT,cluster:2EG15,0.9849771264154934,0.7191059393983953
composition_ridge,3,PG1ZQ,cluster:WH633,0.651278013998144,1.4815677181913374
composition_ridge,3,PGG5S,cluster:7GO5D,1.9832653525665453,1.504313647499937
composition_ridge,3,PRMX6,cluster:6LRFZ,1.7488080049586023,1.4522997533373176
composition_ridge,3,PV8DK,cluster:2EG15,0.8530895298518656,0.7544275118337761
composition_ridge,3,Q31FH,cluster:6LRFZ,1.9441864612836874,1.3966441826110776
composition_ridge,3,Q6V69,cluster:1B7TK,0.7185016888672743,0.4907634430874327
composition_ridge,3,QKBVG,cluster:6LRFZ,0.11058971029924898,1.397682615025362
composition_ridge,3,QTBVW,cluster:6LRFZ,1.7558748556724915,1.456874880195598
composition_ridge,3,RAKQZ,cluster:2EG15,1.165244326125311,0.7996870988993169
composition_ridge,3,RHTPG,cluster:6LRFZ,1.5417040232842885,1.7180511591444647
composition_ridge,3,RK5BV,cluster:21E2G,1.7366354976868212,1.5451243308945748
composition_ridge,3,SXSQ9,cluster:6LRFZ,1.08278537031645,1.5903442718227174
composition_ridge,3,T33XW,cluster:WH633,0.568201724066995,1.5613929384259229
composition_ridge,3,TP5Z2,cluster:6LRFZ,1.64018319192134,1.6276851865570574
composition_ridge,3,TUP2T,cluster:2EG15,0.8260748027008264,0.7099742780288044
composition_ridge,3,UVP48,cluster:WH633,0.7909884750888159,1.3411359979372313
composition_ridge,3,VAQHD,cluster:21E2G,0.9100905455940681,1.523259104602966
composition_ridge,3,VDDDT,cluster:N6WUS,1.658393026279124,1.1493197496367094
composition_ridge,3,VKDX5,cluster:DOU4X,2.1673468775856355,1.546253950929593
composition_ridge,3,VVQ8D,cluster:WH633,0.8234742291703011,1.3584875251744748
composition_ridge,3,W4PW7,cluster:WH633,0.8543060418010806,1.1325891123072747
composition_ridge,3,WH633,cluster:WH633,0.8208579894396999,1.5837592857971812
composition_ridge,3,WLCQP,cluster:6LRFZ,1.4207806195485655,1.5157819191469484
composition_ridge,3,WLNHW,cluster:21PQ5,1.7218106152125465,1.3636502168616804
composition_ridge,3,WV3Q7,cluster:6LRFZ,1.7160033436347992,1.3286086091414684
composition_ridge,3,WZXU4,cluster:WZXU4,0.20682587603184968,1.6303336140392788
composition_ridge,3,X1DTP,cluster:2EG15,1.04883008652835,0.7565732055985974
composition_ridge,3,XJO9Z,cluster:6LRFZ,1.4927603890268375,1.201457216749258
composition_ridge,3,XKDOQ,cluster:6LRFZ,1.3740147402919116,1.1242240874889746
composition_ridge,3,YG5WM,cluster:YG5WM,1.0788191830988487,0.9841948130677565
composition_ridge,3,YHJV5,cluster:1B7TK,1.1218879851036812,0.42630361700968333
composition_ridge,3,ZZHSE,cluster:WH633,0.8488047010518037,1.4054739222125352
composition_ridge,4,134NN,cluster:134NN,1.6080979463252796,1.020252419463161
composition_ridge,4,13ANW,cluster:1LT8G,0.6063813651106049,1.0018586808836873
composition_ridge,4,1KUE6,cluster:1KUE6,1.1763806922432705,1.8590917372872422
composition_ridge,4,1LT8G,cluster:1LT8G,1.1583624920952498,1.3662894777257617
composition_ridge,4,26VNF,cluster:1LT8G,1.2319790268315043,1.332798911825369
composition_ridge,4,2D7XF,cluster:1LT8G,1.4289442900355744,1.4455635048473063
composition_ridge,4,2DGCJ,cluster:1LT8G,1.4122925093230465,1.3171745760428957
composition_ridge,4,2ERUG,cluster:1LT8G,1.2683439139510646,1.3485303313685597
composition_ridge,4,39D4R,cluster:1LT8G,1.4752352226041283,0.908607415732201
composition_ridge,4,3FC3D,cluster:1LT8G,0.7032913781186614,1.309737004719694
composition_ridge,4,3PP3A,cluster:1LT8G,0.9052560487484512,1.1163690589719357
composition_ridge,4,3Z9FM,cluster:1LT8G,1.608526033577194,1.4484427967241587
composition_ridge,4,4E21X,cluster:1LT8G,1.484014962667563,1.4456642699000195
composition_ridge,4,4LKQ5,cluster:VWTNO,1.3271545124094315,1.3302730655810033
composition_ridge,4,4QJ63,cluster:1LT8G,1.4320066872695982,1.3832945312966096
composition_ridge,4,4XHVQ,cluster:4XHVQ,2.079325986752815,1.2163039084327352
composition_ridge,4,54XX1,cluster:1LT8G,1.404149249209695,1.2486279258642379
composition_ridge,4,55FPY,cluster:1KUE6,0.9100905455940681,1.8718002835077838
composition_ridge,4,5GJX3,cluster:1LT8G,1.795741020869244,0.9234937312168359
composition_ridge,4,5H7QY,cluster:4XHVQ,2.137100804579123,0.9780870595628738
composition_ridge,4,5HD4W,cluster:1LT8G,1.5229655954919865,1.3337943685416493
composition_ridge,4,5TSUE,cluster:5TSUE,0.029383777685209667,1.4207221107761974
composition_ridge,4,5ULGG,cluster:5ULGG,1.6065963091792852,0.9234681750227733
composition_ridge,4,5X9A8,cluster:1LT8G,1.721150843749684,0.9133572336519074
composition_ridge,4,6F9A8,cluster:1LT8G,0.8129133566428556,1.3252414649390816
composition_ridge,4,71X7X,cluster:4XHVQ,2.172807188369087,1.2430498807100114
composition_ridge,4,77HQK,cluster:1LT8G,0.9656719712201067,0.9833378422904746
composition_ridge,4,7DEM9,cluster:TC87V,1.845098040014257,1.5701290273352775
composition_ridge,4,7EWEM,cluster:1LT8G,1.243781916093795,1.4430042285176223
composition_ridge,4,7FXGZ,cluster:1LT8G,0.7160033436347992,1.4008737134268658
composition_ridge,4,7UFQR,cluster:1LT8G,1.4632956099620027,1.1317012016145864
composition_ridge,4,7WEWT,cluster:1KUE6,0.9263424466256551,1.7801883841454484
composition_ridge,4,7XHKJ,cluster:7XHKJ,0.17897694729316943,0.16309902978891455
composition_ridge,4,85KA4,cluster:TC87V,1.7836892363473165,1.696952517608389
composition_ridge,4,8MJ78,cluster:1LT8G,1.6428600525844914,1.1323635168670976
composition_ridge,4,95LHQ,cluster:4XHVQ,2.1437952038457664,1.1767756489811985
composition_ridge,4,9EUJH,cluster:1LT8G,0.7209857441537391,0.9879011036005614
composition_ridge,4,9S2ZE,cluster:1LT8G,0.8175653695597808,1.4136060287423917
composition_ridge,4,A8BXL,cluster:134NN,1.7023443583557687,1.3407494574995376
composition_ridge,4,A8RF9,cluster:1LT8G,1.5737995822157407,1.2837539043024029
composition_ridge,4,ACXOE,cluster:ACXOE,1.8719813538433694,1.9019820607151976
composition_ridge,4,AHNXC,cluster:1LT8G,1.796851749049887,1.5453384412663869
composition_ridge,4,AJJAK,cluster:1LT8G,0.7092699609758307,1.3238801645141172
composition_ridge,4,AQ2DU,cluster:VWTNO,0.3344537511509309,1.4625002892853722
composition_ridge,4,BFJKS,cluster:1LT8G,1.5284024379536174,1.4994461735752356
composition_ridge,4,BH9MB,cluster:ACXOE,2.205583258640754,1.8660636585996153
composition_ridge,4,BRFP4,cluster:1LT8G,1.3710678622717363,1.3549423781806487
composition_ridge,4,C2N5S,cluster:1LT8G,0.6434526764861874,1.4199048523015334
composition_ridge,4,DBBO8,cluster:1LT8G,1.414973347970818,1.4060436536965015
composition_ridge,4,DKZQ7,cluster:1LT8G,0.9370161074648142,1.4129544667848761
composition_ridge,4,DTAXR,cluster:1LT8G,0.7403626894942439,1.254076691432086
composition_ridge,4,DX3TE,cluster:5TSUE,0.029383777685209667,1.391318953443099
composition_ridge,4,E3FDV,cluster:1LT8G,1.4008832155483628,0.9776979216696489
composition_ridge,4,F35B7,cluster:1LT8G,1.8882918453565154,0.9862218464890956
composition_ridge,4,G5OWS,cluster:1LT8G,1.7488080049586023,1.5474945578164934
composition_ridge,4,G9U12,cluster:1LT8G,1.5696079675468244,1.4872157520033895
composition_ridge,4,GLJ6S,cluster:1LT8G,0.5440680443502757,1.4207183259861327
composition_ridge,4,GSP4M,cluster:VWTNO,0.3873898263387294,1.4638632697686766
composition_ridge,4,HGBNQ,cluster:P2GXH,1.5237464668115646,0.6007482083469894
composition_ridge,4,HMK8R,cluster:134NN,1.813247300897605,1.061340375921897
composition_ridge,4,JOHLM,cluster:VWTNO,1.209783014848515,1.3416850300817555
composition_ridge,4,JS116,cluster:5TSUE,0.00860017176191757,1.4086975724314366
composition_ridge,4,JS838,cluster:1LT8G,1.2201080880400552,1.3914735790464114
composition_ridge,4,KEBCT,cluster:4XHVQ,2.042260406689452,1.2103603620041168
composition_ridge,4,LF3LJ,cluster:1LT8G,1.5341530741850626,1.4429397665566006
composition_ridge,4,LG377,cluster:1LT8G,0.8331471119127851,1.4732482811337797
composition_ridge,4,LNY1F,cluster:VWTNO,0.8450980400142568,1.6400853076978632
composition_ridge,4,LP3PQ,cluster:VWTNO,0.11394335230683679,1.6021340012603653
composition_ridge,4,M59JJ,cluster:1LT8G,1.077731179652392,1.1149084875789566
composition_ridge,4,MZMFB,cluster:1LT8G,1.7678976160180906,1.0893280219197305
composition_ridge,4,NENVO,cluster:NENVO,0.8680563618230416,0.7603338109135733
composition_ridge,4,NLF4R,cluster:1LT8G,0.670245853074124,1.3191340710217787
composition_ridge,4,OADBJ,cluster:1LT8G,1.376576957056512,1.4844354700244617
composition_ridge,4,OAKV5,cluster:1LT8G,1.4163075870598825,1.1047415913079541
composition_ridge,4,OORFP,cluster:P2GXH,1.0261245167454502,0.5802102862466405
composition_ridge,4,OSFMK,cluster:OSFMK,1.5059635180181261,1.3359522835895539
composition_ridge,4,P2GXH,cluster:P2GXH,1.717670503002262,0.7873760216107496
composition_ridge,4,PGSB7,cluster:PGSB7,0.00860017176191757,1.8951169187073678
composition_ridge,4,PL2EH,cluster:PL2EH,0.004321373782642578,1.3557057826823622
composition_ridge,4,Q2ZO7,cluster:1LT8G,1.3636119798921444,1.4329662708485895
composition_ridge,4,Q5DYR,cluster:1KUE6,1.1316186643491255,1.7602005831226426
composition_ridge,4,Q8TQ6,cluster:1LT8G,0.3364597338485295,1.3934994160093879
composition_ridge,4,Q8WTP,cluster:4XHVQ,2.1043163645117278,1.264084301961112
composition_ridge,4,QGZZT,cluster:VWTNO,1.119585774961784,1.3603909567756767
composition_ridge,4,QJV5C,cluster:1LT8G,1.7845459740545226,1.422972720412256
composition_ridge,4,QUVLA,cluster:5TSUE,0.037426497940623665,1.4087644021841261
composition_ridge,4,RATTD,cluster:1LT8G,0.9912260756924949,1.2845774799776084
composition_ridge,4,REVUQ,cluster:1LT8G,0.4014005407815441,1.4490648382918434
composition_ridge,4,ROTAL,cluster:PL2EH,0.004321373782642578,1.3963914234719341
composition_ridge,4,RR1M4,cluster:134NN,1.5046067706419537,1.3117539293982123
composition_ridge,4,RTMMX,cluster:1LT8G,1.1495270137543478,1.1732063257352325
composition_ridge,4,RU9EF,cluster:1LT8G,0.7339992865383869,1.442365170219241
composition_ridge,4,S4HC8,cluster:1LT8G,1.6901960800285136,1.4220960467124
composition_ridge,4,S6A7A,cluster:1LT8G,1.2776092143040911,0.9834071404424164
composition_ridge,4,T5A9C,cluster:T5A9C,1.7958105246674083,1.5103706597697921
composition_ridge,4,T9G4X,cluster:1LT8G,0.9415114326344031,1.1061707285665439
composition_ridge,4,TC87V,cluster:TC87V,1.7531999141994161,1.6982591052223084
composition_ridge,4,TDA9A,cluster:TDA9A,1.2743887955503788,1.1451658504159299
composition_ridge,4,TL112,cluster:1LT8G,1.4969296480732148,1.3196602964903903
composition_ridge,4,UQCHR,cluster:1LT8G,1.5211380837040362,1.3549423781806487
composition_ridge,4,UQH8C,cluster:1LT8G,1.2683439139510646,1.257915188526449
composition_ridge,4,VWTNO,cluster:VWTNO,0.8692317197309762,1.4711675684099401
composition_ridge,4,VXEVZ,cluster:1LT8G,1.3494717992143856,1.4164735492205016
composition_ridge,4,W34KB,cluster:1LT8G,1.3382572302462556,1.3483446656759603
composition_ridge,4,W7ZR3,cluster:W7ZR3,1.7326349675391959,1.5863044789258414
composition_ridge,4,WHKL9,cluster:5TSUE,0.037426497940623665,1.4156495755829956
composition_ridge,4,WRF55,cluster:1LT8G,1.2000292665537702,1.3406818532394131
composition_ridge,4,XQCPX,cluster:1LT8G,1.4387005329007363,1.0907052058751252
composition_ridge,4,Z3GLX,cluster:1LT8G,1.1448854182871424,1.3540350572962812
composition_ridge,4,Z97VJ,cluster:4XHVQ,2.199124114623325,1.2050333588883708
composition_ridge,4,ZO7NN,cluster:1LT8G,1.523486332343228,1.518343872966578
composition_ridge,4,ZOL96,cluster:VWTNO,0.08635983067474821,1.4078935198531655
composition_ridge,5,1K2R7,cluster:WQUOO,1.4281347940287887,1.6807008483026864
composition_ridge,5,1LZV9,cluster:WQUOO,0.8633228601204559,1.7261717865937647
composition_ridge,5,1Q7JU,cluster:WQUOO,1.4857214264815801,1.689363819082841
composition_ridge,5,1XF1B,cluster:WQUOO,1.3170181010481115,1.7628240076108879
composition_ridge,5,243P7,cluster:WQUOO,1.368472838440362,1.561274427688304
composition_ridge,5,27HOS,cluster:WQUOO,1.146128035678238,1.6527599138154878
composition_ridge,5,2A3U4,cluster:WQUOO,0.6454222693490919,1.5491744271983843
composition_ridge,5,2KWB9,cluster:WQUOO,1.6494322232416165,1.7220697358892876
composition_ridge,5,2V75Y,cluster:WQUOO,1.5314789170422551,1.6350336104722647
composition_ridge,5,2VONA,cluster:WQUOO,0.7092699609758307,1.7902556307940287
composition_ridge,5,37ZRR,cluster:WQUOO,1.5547313766759665,1.711021031121177
composition_ridge,5,3Q37R,cluster:WQUOO,1.8485585721237634,1.713746272064597
composition_ridge,5,49YLM,cluster:WQUOO,1.5543680009900875,1.6843826330607066
composition_ridge,5,4GMRC,cluster:WQUOO,1.6494322232416165,1.7152941617978705
composition_ridge,5,4OC6N,cluster:WQUOO,1.1176026916900843,1.675606585171386
composition_ridge,5,4VSRL,cluster:WQUOO,1.5024271199844328,1.6368334701671932
composition_ridge,5,4Z641,cluster:WQUOO,1.9312544064164134,1.738203100857933
composition_ridge,5,4Z6XY,cluster:WQUOO,1.2875778090787053,1.7341630806626716
composition_ridge,5,514KE,cluster:WQUOO,1.2889196056617265,1.71738832669317
composition_ridge,5,59R1F,cluster:WQUOO,1.1139433523068367,1.7418563916918683
composition_ridge,5,5E826,cluster:WQUOO,1.4183012913197455,1.5830537140806844
composition_ridge,5,5NY15,cluster:WQUOO,0.900913067737669,1.599871614126966
composition_ridge,5,5WSHL,cluster:WQUOO,0.6384892569546373,1.705446669447397
composition_ridge,5,671NA,cluster:WQUOO,0.17609125905568124,1.7730818047131571
composition_ridge,5,6E1ER,cluster:WQUOO,1.161966616364075,1.7467046099860064
composition_ridge,5,6KPKA,cluster:WQUOO,1.1690863574870227,1.6283644764390808
composition_ridge,5,6O8HW,cluster:WQUOO,0.787460474518415,1.7972191711632914
composition_ridge,5,6ORKJ,cluster:WQUOO,1.4548448600085102,1.7580281077309485
composition_ridge,5,6VP2A,cluster:WQUOO,1.8309092995464433,1.700345160439419
composition_ridge,5,6VV9O,cluster:WQUOO,1.0461047872460387,1.7501296878803054
composition_ridge,5,7AV5G,cluster:WQUOO,1.4608978427565478,1.6151544364570114
composition_ridge,5,7G47U,cluster:WQUOO,1.5412046906832584,1.7797147036888914
composition_ridge,5,7QYHY,cluster:WQUOO,1.1687920203141817,1.7716829629278557
composition_ridge,5,7ZG25,cluster:WQUOO,1.320354032817672,1.7356996208917177
composition_ridge,5,8DNLG,cluster:WQUOO,1.6617180576946593,1.7036548059659988
composition_ridge,5,8RSXF,cluster:WQUOO,0.9670797341444971,1.682437166811377
composition_ridge,5,963OH,cluster:WQUOO,1.3827372657613304,1.5982419825096281
composition_ridge,5,9ALF8,cluster:WQUOO,1.3117538610557542,1.498645113163369
composition_ridge,5,9CEJ5,cluster:WQUOO,0.9459607035775686,1.7163537080646414
composition_ridge,5,9H4UT,cluster:WQUOO,1.7057782128285977,1.7577171457446163
composition_ridge,5,9HU84,cluster:WQUOO,0.6384892569546373,1.6660594631592203
composition_ridge,5,9KYTB,cluster:WQUOO,1.3873898263387294,1.511584806955302
composition_ridge,5,9PBZV,cluster:WQUOO,0.47712125471966244,1.7746939662947134
composition_ridge,5,A2OWC,cluster:WQUOO,1.374565060722765,1.711171368210851
composition_ridge,5,A6N87,cluster:WQUOO,1.150756439860309,1.7531641382491667
composition_ridge,5,AD4BK,cluster:WQUOO,1.6031443726201824,1.7188833406568662
composition_ridge,5,AQACH,cluster:WQUOO,1.908913740020971,1.6256088902850605
composition_ridge,5,B28N7,cluster:WQUOO,1.3926969532596658,1.7626723260944646
composition_ridge,5,B4SOW,cluster:WQUOO,1.7415455167762095,1.7302919881480345
composition_ridge,5,B6J33,cluster:WQUOO,1.5587085705331658,1.7564153919498635
composition_ridge,5,B72B1,cluster:WQUOO,0.7831886910752576,1.7061094873991456
composition_ridge,5,B8S8J,cluster:WQUOO,0.6739419986340879,1.5575388637930705
composition_ridge,5,BJRSJ,cluster:WQUOO,1.5520595341878844,1.8164577027051458
composition_ridge,5,BKD94,cluster:WQUOO,1.1430148002540952,1.7471728887951552
composition_ridge,5,BL164,cluster:WQUOO,1.5118833609788744,1.623049513323667
composition_ridge,5,BSK5M,cluster:WQUOO,1.110252917353403,1.5972491209765456
composition_ridge,5,BU5R3,cluster:WQUOO,0.6627578316815741,1.55520504453302
composition_ridge,5,C5EUY,cluster:WQUOO,1.9409644934927994,1.7478578143460732
composition_ridge,5,CGRMD,cluster:WQUOO,1.9608986773266608,1.5468282909955384
composition_ridge,5,CVUYM,cluster:WQUOO,1.4418521757732918,1.6088083665624116
composition_ridge,5,D4OFQ,cluster:WQUOO,0.5024271199844327,1.6283890761965905
composition_ridge,5,D7L1L,cluster:WQUOO,0.3729120029701066,1.5618530801977177
composition_ridge,5,D7QYG,cluster:WQUOO,1.3457656931144881,1.7191815577238514
composition_ridge,5,D9JZ4,cluster:WQUOO,1.4252080511386562,1.6895505257873205
composition_ridge,5,DF1S4,cluster:WQUOO,1.4329692908744058,1.5827729594673787
composition_ridge,5,DO6Z1,cluster:WQUOO,0.28330122870354957,1.6820273252300881
composition_ridge,5,DVMQ7,cluster:WQUOO,1.276921132065774,1.7250319496148432
composition_ridge,5,EEJ9Q,cluster:WQUOO,1.3176455432211587,1.4735299354827298
composition_ridge,5,EG3EK,cluster:WQUOO,1.1760912590556813,1.4966738248448883
composition_ridge,5,F9HKG,cluster:WQUOO,0.5563025007672873,1.5496780592503674
composition_ridge,5,FE6UX,cluster:WQUOO,1.9910931080488874,1.6361109273738375
composition_ridge,5,G1VL1,cluster:WQUOO,1.8709888137605752,1.7398448867977372
composition_ridge,5,G4VP2,cluster:WQUOO,1.2913688504515826,1.7068994905195207
composition_ridge,5,GB9EO,cluster:WQUOO,1.843108141999607,1.6204116406541726
composition_ridge,5,GHBKT,cluster:WQUOO,1.3271545124094315,1.567948717454028
composition_ridge,5,GJETS,cluster:WQUOO,1.54282542695918,1.3636043749000704
composition_ridge,5,GLAD6,cluster:WQUOO,1.6031443726201824,1.7212011411718107
composition_ridge,5,GQRF2,cluster:WQUOO,1.4548448600085102,1.7527840971110542
composition_ridge,5,H99SX,cluster:WQUOO,1.7114697818743279,1.8338982600306224
composition_ridge,5,HFE84,cluster:WQUOO,1.250420002308894,1.5736337031075514
composition_ridge,5,HUE6V,cluster:WQUOO,1.9503648543761232,1.5388293092905192
composition_ridge,5,HXP5A,cluster:WQUOO,1.6443400988263226,1.6032221953640955
composition_ridge,5,J2JWA,cluster:WQUOO,1.2347702951609165,1.610728652024723
composition_ridge,5,J325F,cluster:WQUOO,1.2299376859079338,1.6794251079144868
composition_ridge,5,J59TV,cluster:WQUOO,1.734399742520567,1.696262950915397
composition_ridge,5,JJV3D,cluster:WQUOO,1.7114697818743279,1.8248140528643995
composition_ridge,5,JM7JP,cluster:WQUOO,0.16136800223497488,1.6508422679745032
composition_ridge,5,JY7XC,cluster:WQUOO,1.5444401373176924,1.6867096773018972
composition_ridge,5,JYYJ1,cluster:WQUOO,1.2533380053261065,1.738194471270419
composition_ridge,5,KBERH,cluster:WQUOO,1.4082399653118496,1.5472259010247722
composition_ridge,5,KSK4V,cluster:WQUOO,1.437750562820388,1.7181207098823026
composition_ridge,5,LDZC9,cluster:WQUOO,0.7024305364455253,1.6907732241673068
composition_ridge,5,LKB4E,cluster:WQUOO,0.8413594704548549,1.7652343847835683
composition_ridge,5,LS1K6,cluster:WQUOO,1.496376054012401,1.6638770244142516
composition_ridge,5,MGNCD,cluster:WQUOO,0.9232440186302765,1.7411387179311635
composition_ridge,5,MLHQR,cluster:WQUOO,1.8536982117761744,1.6215349810543267
composition_ridge,5,MRKZY,cluster:WQUOO,1.4471580313422192,1.6410230173946272
composition_ridge,5,MVN8T,cluster:WQUOO,1.1622656142980214,1.6513295599753566
composition_ridge,5,N6ZHS,cluster:WQUOO,1.7805333253164044,1.7436376734182344
composition_ridge,5,NLY5P,cluster:WQUOO,1.437750562820388,1.7177757917706011
composition_ridge,5,NOX8W,cluster:WQUOO,0.424881636631067,1.5852659844039958
composition_ridge,5,OMA2X,cluster:WQUOO,0.9084850188786497,1.7264505263628025
composition_ridge,5,ORBRD,cluster:WQUOO,1.343802333161655,1.5216638159170954
composition_ridge,5,P38Q4,cluster:WQUOO,1.212187604403958,1.568265823515531
composition_ridge,5,PF2S1,cluster:WQUOO,1.891425942847994,1.7358174163031819
composition_ridge,5,Q7WVB,cluster:WQUOO,1.9708116108725178,1.6759880070381143
composition_ridge,5,QKFJN,cluster:WQUOO,1.5390760987927767,1.7185808408042262
composition_ridge,5,QPK3T,cluster:WQUOO,0.8633228601204559,1.6036386503620146
composition_ridge,5,QS3XQ,cluster:WQUOO,1.6058435390580892,1.7573239584267597
composition_ridge,5,QX7D1,cluster:WQUOO,1.2638726768652235,1.816190179351631
composition_ridge,5,R9NL8,cluster:WQUOO,1.53832233323144,1.7215730990999658
composition_ridge,5,RDRFL,cluster:WQUOO,0.9822712330395684,1.7639727914780574
composition_ridge,5,RFW2X,cluster:WQUOO,0.6757783416740851,1.7823903158955812
composition_ridge,5,RYFE4,cluster:WQUOO,1.9345994382180731,1.7405423088424008
composition_ridge,5,SBLM5,cluster:WQUOO,1.6987962517904311,1.702099528597975
composition_ridge,5,SDS4K,cluster:WQUOO,0.800717078282385,1.768237560062742
composition_ridge,5,SGW8V,cluster:WQUOO,1.2720737875000099,1.7871004433155162
composition_ridge,5,SSTDU,cluster:WQUOO,1.2638726768652235,1.826128744154006
composition_ridge,5,SXYKQ,cluster:WQUOO,1.6227319651647192,1.488255961408065
composition_ridge,5,SY6TH,cluster:WQUOO,1.7611758131557314,1.7042361675285396
composition_ridge,5,SZYEK,cluster:WQUOO,1.7601207852645675,1.6376580884248482
composition_ridge,5,T23T9,cluster:WQUOO,1.06707085604537,1.7920690194119
composition_ridge,5,T972V,cluster:WQUOO,1.2187979981117376,1.7704653056016597
composition_ridge,5,THWKH,cluster:WQUOO,0.7474118078864233,1.6495467452174426
composition_ridge,5,TPB93,cluster:WQUOO,1.5643109099606027,1.605969339467949
composition_ridge,5,TR5BB,cluster:WQUOO,1.5211380837040362,1.6634265709222062
composition_ridge,5,TUONH,cluster:WQUOO,1.235528446907549,1.6351412089072617
composition_ridge,5,TWJXO,cluster:WQUOO,1.5538830266438743,1.4970975420217096
composition_ridge,5,TZ5KN,cluster:WQUOO,1.4320066872695982,1.666007390278585
composition_ridge,5,UDAAK,cluster:WQUOO,1.4653828514484182,1.4876660911454163
composition_ridge,5,UNETX,cluster:WQUOO,1.8418598097750611,1.6451629267830383
composition_ridge,5,UOJ8M,cluster:WQUOO,0.9566485792052033,1.628395365793484
composition_ridge,5,UPG56,cluster:WQUOO,1.88218288763027,1.6978621658816702
composition_ridge,5,UQX41,cluster:WQUOO,1.7295697263019698,1.7215640433372386
composition_ridge,5,V3NZ1,cluster:WQUOO,1.6753199833392922,1.7367407932769103
composition_ridge,5,V534T,cluster:WQUOO,1.2753113545418118,1.6201772445799691
composition_ridge,5,V7M33,cluster:WQUOO,1.505149978319906,1.5631541223343217
composition_ridge,5,V7NZK,cluster:WQUOO,1.6468936241677452,1.5670928065346192
composition_ridge,5,V81JD,cluster:WQUOO,1.1961761850399732,1.7959555593594585
composition_ridge,5,VE1RL,cluster:WQUOO,1.616160312847583,1.5003586420848776
composition_ridge,5,VR7EN,cluster:WQUOO,1.7746629225378223,1.7150306038298586
composition_ridge,5,WCSN6,cluster:WQUOO,1.8296896408989711,1.6224995007877687
composition_ridge,5,WQ6TU,cluster:WQUOO,1.3895204658463773,1.4647851679451354
composition_ridge,5,WQUOO,cluster:WQUOO,1.7595923086459748,1.903642536227784
composition_ridge,5,WRK8K,cluster:WQUOO,1.3441957158714348,1.2659733306683327
composition_ridge,5,XBGJO,cluster:WQUOO,1.3763944420372662,1.7042226717163529
composition_ridge,5,XZJ98,cluster:WQUOO,1.7460111077519258,1.7065919645831908
composition_ridge,5,YAH6C,cluster:WQUOO,1.5409548089261327,1.7654621482988175
composition_ridge,5,YUJWJ,cluster:WQUOO,1.7287594751678743,1.6229417693440356
composition_ridge,5,YVJ5E,cluster:WQUOO,1.2041199826559248,1.561381672369754
composition_ridge,5,YX459,cluster:WQUOO,1.861534410859038,1.7788866759224802
composition_ridge,5,ZMWEJ,cluster:WQUOO,1.1878026387184193,1.7535489262525614
composition_ridge,5,ZVV1B,cluster:WQUOO,1.115943176939055,1.691442866279612
composition_ridge,5,ZWH88,cluster:WQUOO,1.842609239610562,1.6388396732151078
esm2_ridge,1,1AFJZ,cluster:45EFN,1.8976270912904414,1.1943464279174805
esm2_ridge,1,1BEMJ,cluster:Y46HX,1.8729134416203952,1.7620570659637451
esm2_ridge,1,1VSM7,cluster:45EFN,1.8300109359361179,1.0709720849990845
esm2_ridge,1,2BJM7,cluster:O8SH6,1.4387005329007363,1.800490140914917
esm2_ridge,1,2G7N6,cluster:45EFN,1.828917561616686,1.6619055271148682
esm2_ridge,1,3DUUH,cluster:45EFN,1.7427251313046983,1.3213378190994263
esm2_ridge,1,444PN,cluster:45EFN,1.2895889525425968,1.1406418085098267
esm2_ridge,1,45EFN,cluster:45EFN,0.15228834438305647,1.0673291683197021
esm2_ridge,1,4BUSQ,cluster:4BUSQ,0.6148972160331346,1.2301709651947021
esm2_ridge,1,4O71N,cluster:45EFN,1.4329692908744058,1.1292332410812378
esm2_ridge,1,588N2,cluster:45EFN,1.1986570869544226,1.2873677015304565
esm2_ridge,1,5CEBO,cluster:45EFN,1.8382192219076259,1.4182312488555908
esm2_ridge,1,5DP2R,cluster:45EFN,1.2027606873932,1.6194392442703247
esm2_ridge,1,5EU5J,cluster:5EU5J,2.007064656378332,2.2692418098449707
esm2_ridge,1,5GR1V,cluster:45EFN,1.5538830266438743,0.5069144368171692
esm2_ridge,1,5YCFA,cluster:45EFN,1.130333768495006,1.5774223804473877
esm2_ridge,1,68RZA,cluster:68RZA,0.6106601630898799,-0.3690248727798462
esm2_ridge,1,6LJKY,cluster:45EFN,0.6683859166900001,1.1792421340942383
esm2_ridge,1,6VVTK,cluster:45EFN,1.7570922201189325,1.1847937107086182
esm2_ridge,1,73TKS,cluster:73TKS,1.6966184592322249,0.3141688108444214
esm2_ridge,1,782GK,cluster:782GK,1.6933751510251853,1.1582319736480713
esm2_ridge,1,86FNG,cluster:45EFN,1.0346284566253203,1.5164040327072144
esm2_ridge,1,893F3,cluster:45EFN,1.6127838567197355,1.8357055187225342
esm2_ridge,1,8BUQQ,cluster:8BUQQ,1.8707549448901402,1.4010779857635498
esm2_ridge,1,8PKAY,cluster:O8SH6,0.8382192219076258,1.7668890953063965
esm2_ridge,1,9GUD2,cluster:45EFN,0.7160033436347992,0.7197521924972534
esm2_ridge,1,A3B6M,cluster:45EFN,1.3161800988934527,1.5379668474197388
esm2_ridge,1,A6URG,cluster:A6URG,0.9057958803678685,0.7970886826515198
esm2_ridge,1,AL871,cluster:45EFN,0.3979400086720376,1.6769087314605713
esm2_ridge,1,AQ8G3,cluster:45EFN,1.7692295817365937,0.8554617166519165
esm2_ridge,1,BXYZE,cluster:Y46HX,1.6454222693490919,1.6867914199829102
esm2_ridge,1,CC2YL,cluster:45EFN,0.7774268223893114,1.0755550861358643
esm2_ridge,1,CN92E,cluster:45EFN,1.2664668954402414,0.9925178289413452
esm2_ridge,1,CQCQT,cluster:45EFN,1.0976043288744108,1.555001974105835
esm2_ridge,1,CS45L,cluster:45EFN,0.1673173347481761,1.1708667278289795
esm2_ridge,1,DCYCK,cluster:45EFN,1.13481437032046,1.0040674209594727
esm2_ridge,1,DFXUK,cluster:45EFN,1.686725621074542,1.4409486055374146
esm2_ridge,1,EGE3L,cluster:45EFN,1.7015679850559273,1.2645137310028076
esm2_ridge,1,EY2GX,cluster:45EFN,1.0472748673841794,1.6706480979919434
esm2_ridge,1,FLO5T,cluster:45EFN,0.48287358360875376,1.3863197565078735
esm2_ridge,1,FRM5D,cluster:45EFN,1.4800069429571505,1.052855134010315
esm2_ridge,1,FVS3D,cluster:45EFN,1.8512583487190752,1.3768601417541504
esm2_ridge,1,G1DQY,cluster:45EFN,1.686725621074542,0.8045116662979126
esm2_ridge,1,G6HDH,cluster:45EFN,1.6988831367525903,0.7252388596534729
esm2_ridge,1,GJDTN,cluster:Y46HX,1.187520720836463,1.313620924949646
esm2_ridge,1,GSCT9,cluster:GSCT9,1.919810020170196,-0.34020817279815674
esm2_ridge,1,GW5EB,cluster:GW5EB,0.6627578316815741,1.4777464866638184
esm2_ridge,1,H6RGM,cluster:45EFN,0.29885307640970665,0.7779861092567444
esm2_ridge,1,HQZZC,cluster:45EFN,0.9666109866819343,0.8262302279472351
esm2_ridge,1,HZMZV,cluster:45EFN,1.7109631189952756,1.1962388753890991
esm2_ridge,1,JGCGO,cluster:782GK,1.3677285460869766,1.4371825456619263
esm2_ridge,1,JMXXU,cluster:45EFN,1.1746411926604485,1.211799144744873
esm2_ridge,1,JTXCJ,cluster:Y46HX,1.7745169657285496,1.4437878131866455
esm2_ridge,1,JVYE5,cluster:45EFN,0.8426092396105621,0.8490915298461914
esm2_ridge,1,JXVU8,cluster:45EFN,0.2695129442179163,1.16538667678833
esm2_ridge,1,MEFJC,cluster:8BUQQ,1.8546703318953355,1.1056936979293823
esm2_ridge,1,MSSUL,cluster:45EFN,1.0603200286882852,1.5126243829727173
esm2_ridge,1,N33JN,cluster:45EFN,0.6830470382388496,2.3997881412506104
esm2_ridge,1,N63O3,cluster:45EFN,1.0934216851622351,1.3270493745803833
esm2_ridge,1,N8PD5,cluster:45EFN,1.0515383905153275,0.6732237339019775
esm2_ridge,1,N9NE1,cluster:N9NE1,0.8135809885681919,0.4570397138595581
esm2_ridge,1,NYYN4,cluster:45EFN,1.4061994236633129,1.0620993375778198
esm2_ridge,1,O351D,cluster:45EFN,0.3424226808222063,0.9977524280548096
esm2_ridge,1,O8SH6,cluster:O8SH6,1.2538224387080734,-0.19243621826171875
esm2_ridge,1,OF5G5,cluster:45EFN,0.02530586526477026,1.0069754123687744
esm2_ridge,1,OMODZ,cluster:45EFN,0.967547976218862,1.300416111946106
esm2_ridge,1,OOASP,cluster:45EFN,0.9867717342662449,1.3983368873596191
esm2_ridge,1,OS9DX,cluster:45EFN,1.4571246263034088,1.1619738340377808
esm2_ridge,1,OVJRJ,cluster:45EFN,1.3873898263387294,1.164144515991211
esm2_ridge,1,OW4TY,cluster:8BUQQ,1.8673496171887924,1.0521225929260254
esm2_ridge,1,P4KRD,cluster:45EFN,1.2400497721126476,1.5453310012817383
esm2_ridge,1,PL518,cluster:45EFN,0.7810369386211319,0.9708504676818848
esm2_ridge,1,POBTH,cluster:45EFN,1.1360860973840974,1.3794267177581787
esm2_ridge,1,Q8AAM,cluster:45EFN,0.414973347970818,1.003828525543213
esm2_ridge,1,QB1DP,cluster:73TKS,1.5938396610812713,0.3264361023902893
esm2_ridge,1,QEO8D,cluster:45EFN,0.292256071356476,1.1773875951766968
esm2_ridge,1,QNYK6,cluster:QNYK6,1.3159703454569178,1.7972356081008911
esm2_ridge,1,QNZSY,cluster:8BUQQ,1.8597385661971468,1.1444814205169678
esm2_ridge,1,QQJHZ,cluster:O8SH6,1.6211762817750353,1.750309944152832
esm2_ridge,1,QRBKZ,cluster:Y46HX,1.5423273827739743,1.5223546028137207
esm2_ridge,1,RSRP9,cluster:45EFN,1.6122539060964374,1.388438105583191
esm2_ridge,1,S1U3D,cluster:S1U3D,1.6967930850817443,1.4504239559173584
esm2_ridge,1,SKHT2,cluster:GSCT9,2.0549958615291417,2.059492588043213
esm2_ridge,1,SS15T,cluster:45EFN,0.893206753059848,1.3287551403045654
esm2_ridge,1,STCSK,cluster:45EFN,1.2024883170600935,1.3109184503555298
esm2_ridge,1,SV3XM,cluster:45EFN,1.1373541113707328,0.9144971370697021
esm2_ridge,1,T5UGO,cluster:45EFN,1.576916955965207,1.1877050399780273
esm2_ridge,1,THSBS,cluster:45EFN,1.8404197777364861,0.9481475949287415
esm2_ridge,1,TN3DM,cluster:45EFN,1.4329692908744058,0.7388067245483398
esm2_ridge,1,TXLFX,cluster:45EFN,1.4712917110589385,1.3909292221069336
esm2_ridge,1,U69HK,cluster:73TKS,1.4852954387260888,1.27163565158844
esm2_ridge,1,U76BO,cluster:45EFN,1.5066403055665025,0.690767228603363
esm2_ridge,1,U97V7,cluster:8BUQQ,1.8673496171887924,0.7428081631660461
esm2_ridge,1,UUTXN,cluster:68RZA,1.0191162904470727,-0.054286837577819824
esm2_ridge,1,UVJD2,cluster:45EFN,1.315550534421905,1.5390065908432007
esm2_ridge,1,V41RE,cluster:45EFN,1.6269559514354475,1.1530381441116333
esm2_ridge,1,V5FM2,cluster:45EFN,1.1430148002540952,1.0113153457641602
esm2_ridge,1,VB2NB,cluster:45EFN,1.568788212315347,1.757286548614502
esm2_ridge,1,VSU6B,cluster:45EFN,1.4768316285122607,1.66947603225708
esm2_ridge,1,WK5F6,cluster:GSCT9,2.156851901070011,1.3877239227294922
esm2_ridge,1,WN1JX,cluster:4BUSQ,0.6720978579357175,1.4062504768371582
esm2_ridge,1,WNJAS,cluster:45EFN,0.7979596437371962,1.1339762210845947
esm2_ridge,1,WRGL6,cluster:782GK,1.652149605401653,1.2559219598770142
esm2_ridge,1,XHBTX,cluster:45EFN,1.1562461903973444,0.9673706889152527
esm2_ridge,1,XOVUP,cluster:45EFN,0.30749603791321295,0.9575271606445312
esm2_ridge,1,XU2WO,cluster:45EFN,0.7075701760979364,0.9846521615982056
esm2_ridge,1,Y46HX,cluster:Y46HX,1.2591158441850663,1.5487302541732788
esm2_ridge,1,YEOJF,cluster:QNYK6,0.7558748556724915,1.7041716575622559
esm2_ridge,1,YQ25V,cluster:YQ25V,2.0670708560453703,1.384289264678955
esm2_ridge,1,ZERB6,cluster:45EFN,1.2263420871636308,0.9107286334037781
esm2_ridge,1,ZHYAA,cluster:45EFN,1.8092903011763157,1.5133049488067627
esm2_ridge,1,ZRKRV,cluster:GSCT9,1.9722028383790644,0.1696544885635376
esm2_ridge,2,11G2Y,cluster:AJCVH,1.9936125579388904,1.849926471710205
esm2_ridge,2,15MYG,cluster:5LCAQ,0.9768083373380663,2.5373153686523438
esm2_ridge,2,16WGJ,cluster:AJCVH,1.7109631189952756,2.120201587677002
esm2_ridge,2,1KNNM,cluster:1KNNM,1.0515383905153275,2.277761459350586
esm2_ridge,2,1L4BP,cluster:1L4BP,1.6991436873944838,1.0532758235931396
esm2_ridge,2,1NUNN,cluster:GNU4X,1.3647385550553985,1.8552730083465576
esm2_ridge,2,1SEDF,cluster:AJCVH,1.3180633349627615,2.0615038871765137
esm2_ridge,2,296AF,cluster:9JNRR,1.2671717284030137,1.0241612195968628
esm2_ridge,2,2BK6M,cluster:A315M,1.6334684555795864,-0.3366398811340332
esm2_ridge,2,2DB3H,cluster:GNU4X,2.03342375548695,1.2663568258285522
esm2_ridge,2,3CN24,cluster:HKDXH,0.8715729355458788,0.4148983955383301
esm2_ridge,2,3F18R,cluster:BUJNN,0.02530586526477026,1.2910566329956055
esm2_ridge,2,3SXVB,cluster:AJCVH,1.3483048630481607,1.9646704196929932
esm2_ridge,2,3W5ZV,cluster:T7XX8,1.830396176483469,2.2100226879119873
esm2_ridge,2,498LC,cluster:T7XX8,1.3712526291249394,1.7959879636764526
esm2_ridge,2,4NRYW,cluster:T7XX8,1.9939649981951189,1.9288657903671265
esm2_ridge,2,5LCAQ,cluster:5LCAQ,1.5645477117559479,2.3561434745788574
esm2_ridge,2,5N1DD,cluster:5N1DD,0.7101173651118162,1.3659350872039795
esm2_ridge,2,5WALF,cluster:AJCVH,1.72607487021537,1.8998397588729858
esm2_ridge,2,5YBHO,cluster:5YBHO,1.6551384348113822,1.4868505001068115
esm2_ridge,2,6BXQP,cluster:T9CO9,2.0860037056183818,3.206704616546631
esm2_ridge,2,6EEUG,cluster:HKDXH,1.1613680022349748,0.6450425386428833
esm2_ridge,2,6KLAW,cluster:9JNRR,1.60422605308447,1.4310553073883057
esm2_ridge,2,73GT1,cluster:AJCVH,1.8713977814874838,1.8282291889190674
esm2_ridge,2,7DP3C,cluster:9JNRR,1.0056094453602804,1.0233783721923828
esm2_ridge,2,81ENW,cluster:AJCVH,1.0511525224473812,1.6306676864624023
esm2_ridge,2,8DFHZ,cluster:AJCVH,1.8882918453565154,1.6228935718536377
esm2_ridge,2,8DX6R,cluster:9JNRR,1.7678976160180906,0.7631847262382507
esm2_ridge,2,8QC31,cluster:AJCVH,1.5963771439975991,1.8382561206817627
esm2_ridge,2,8TF9W,cluster:T7XX8,1.7107940999303275,2.130929946899414
esm2_ridge,2,8TL1P,cluster:5N1DD,0.5809249756756193,1.7483736276626587
esm2_ridge,2,97MBQ,cluster:HKDXH,1.2624510897304295,-0.08987033367156982
esm2_ridge,2,9JNRR,cluster:9JNRR,0.5502283530550941,1.324913740158081
esm2_ridge,2,A315M,cluster:A315M,1.5809249756756194,0.20452284812927246
esm2_ridge,2,A77ZH,cluster:9JNRR,1.1892094895823062,0.36073052883148193
esm2_ridge,2,AE8QV,cluster:9JNRR,0.9800033715837464,0.9219381809234619
esm2_ridge,2,AJCVH,cluster:AJCVH,1.6110857334148727,2.6362600326538086
esm2_ridge,2,ALL3F,cluster:9JNRR,1.506234359612126,0.801202118396759
esm2_ridge,2,ASMG7,cluster:GNU4X,1.8798410559865626,2.1091418266296387
esm2_ridge,2,B3LN6,cluster:9JNRR,1.1277525158329733,0.6384642720222473
esm2_ridge,2,B4SGV,cluster:BUJNN,0.12057393120584989,1.192867398262024
esm2_ridge,2,B53TZ,cluster:V6A1P,0.8965262174895553,-0.29556357860565186
esm2_ridge,2,BUJNN,cluster:BUJNN,0.4913616938342727,0.736251711845398
esm2_ridge,2,C2FJQ,cluster:C2FJQ,2.219846386024361,-0.5149139165878296
esm2_ridge,2,EC56T,cluster:AJCVH,1.646501750031612,1.6637251377105713
esm2_ridge,2,F1MW1,cluster:BUJNN,0.6222140229662952,0.8425775766372681
esm2_ridge,2,FD244,cluster:BUJNN,0.10380372095595687,1.328784465789795
esm2_ridge,2,FHG23,cluster:FHG23,0.526339277389844,0.7723859548568726
esm2_ridge,2,G5H29,cluster:G5H29,0.9084850188786497,2.4673075675964355
esm2_ridge,2,GHNRL,cluster:9JNRR,1.530199698203082,0.18174922466278076
esm2_ridge,2,GNU4X,cluster:GNU4X,1.5938396610812713,2.0400967597961426
esm2_ridge,2,GNV89,cluster:G5H29,0.9084850188786497,2.372572422027588
esm2_ridge,2,GUFES,cluster:GNU4X,1.8698182079793282,1.299052119255066
esm2_ridge,2,H8UXC,cluster:AJCVH,1.664265800147675,1.9670065641403198
esm2_ridge,2,HC91W,cluster:GNU4X,1.6940784620807594,1.9851276874542236
esm2_ridge,2,HKDXH,cluster:HKDXH,0.9912260756924949,0.015262365341186523
esm2_ridge,2,KDHFJ,cluster:AJCVH,1.4212747912103465,1.6091078519821167
esm2_ridge,2,KHSZ4,cluster:KHSZ4,2.091174360706882,3.755716323852539
esm2_ridge,2,KKQNA,cluster:GNU4X,1.5572665288699041,2.259065866470337
esm2_ridge,2,LDVKW,cluster:LDVKW,0.8785217955012065,0.971868634223938
esm2_ridge,2,LGDN9,cluster:5LCAQ,1.227115082589125,2.0511443614959717
esm2_ridge,2,LMJV4,cluster:BUJNN,0.9360107957152095,0.8354655504226685
esm2_ridge,2,LO7EL,cluster:T7XX8,1.7107940999303275,2.048027515411377
esm2_ridge,2,LTFO5,cluster:5LCAQ,1.146128035678238,2.3664679527282715
esm2_ridge,2,LTRTO,cluster:C2FJQ,1.1172712956557642,1.5728152990341187
esm2_ridge,2,LXWLT,cluster:GNU4X,1.8359441000938481,1.315008521080017
esm2_ridge,2,M3FBS,cluster:5N1DD,0.04921802267018165,2.0524210929870605
esm2_ridge,2,MASAE,cluster:1KNNM,1.395501124305626,2.4940357208251953
esm2_ridge,2,MHMQX,cluster:T7XX8,1.5305838596451178,0.9437875747680664
esm2_ridge,2,MSYZC,cluster:HKDXH,1.0881360887005513,-0.06552064418792725
esm2_ridge,2,MZOGH,cluster:MZOGH,1.4996870826184039,-0.03655266761779785
esm2_ridge,2,N8HMF,cluster:AJCVH,1.3791241460703918,2.039863109588623
esm2_ridge,2,ND36H,cluster:5LCAQ,1.7541953881898384,1.6462568044662476
esm2_ridge,2,NPCN7,cluster:T7XX8,1.3933996952931018,1.3315372467041016
esm2_ridge,2,OTXRQ,cluster:AJCVH,1.6816029987308685,1.8874439001083374
esm2_ridge,2,P3DVP,cluster:GNU4X,1.927883410330707,1.3946324586868286
esm2_ridge,2,P9LBW,cluster:P9LBW,0.12710479836480765,5.031097888946533
esm2_ridge,2,PA6OT,cluster:AJCVH,1.246498580795801,1.8936113119125366
esm2_ridge,2,PO1ML,cluster:5N1DD,1.6739419986340878,1.7969847917556763
esm2_ridge,2,Q5F5J,cluster:V6A1P,0.631443769013172,-0.8386932611465454
esm2_ridge,2,Q92FU,cluster:BUJNN,1.0748164406451748,0.6590148210525513
esm2_ridge,2,QB9WJ,cluster:HKDXH,1.2671717284030137,0.5019857883453369
esm2_ridge,2,QVF1F,cluster:9JNRR,1.2445245115700838,0.9861330986022949
esm2_ridge,2,R5RQ5,cluster:9JNRR,1.557507201905658,0.8273851871490479
esm2_ridge,2,RD2N4,cluster:AJCVH,1.651859269246949,1.8887505531311035
esm2_ridge,2,SEJPD,cluster:HKDXH,0.04921802267018165,0.8714466094970703
esm2_ridge,2,SXBT1,cluster:BUJNN,0.6493348587121419,0.791547417640686
esm2_ridge,2,T41NE,cluster:5YBHO,1.5667909123815917,1.3147729635238647
esm2_ridge,2,T44E8,cluster:5YBHO,1.742568034366142,0.9664945602416992
esm2_ridge,2,T44HU,cluster:AJCVH,1.089905111439398,1.7383365631103516
esm2_ridge,2,T7XX8,cluster:T7XX8,1.4068806700491248,2.6241862773895264
esm2_ridge,2,T9CO9,cluster:T9CO9,1.4942937686653328,3.661396026611328
esm2_ridge,2,TDOH1,cluster:GNU4X,1.3926969532596658,2.0003347396850586
esm2_ridge,2,U9LQE,cluster:AJCVH,1.6998377258672457,1.9007967710494995
esm2_ridge,2,UHFSE,cluster:5YBHO,1.8458419074217574,1.3649884462356567
esm2_ridge,2,UL6ZA,cluster:BUJNN,0.004321373782642578,1.1515463590621948
esm2_ridge,2,UWMXB,cluster:AJCVH,1.5994463757252757,1.9442365169525146
esm2_ridge,2,V2GB1,cluster:AJCVH,1.606488850442648,1.6392933130264282
esm2_ridge,2,V6A1P,cluster:V6A1P,0.7299742856995556,-0.9137035608291626
esm2_ridge,2,VAXZZ,cluster:T7XX8,1.440121603187804,1.2555389404296875
esm2_ridge,2,VPDTG,cluster:AJCVH,1.9026554752179259,1.8139405250549316
esm2_ridge,2,VPR4D,cluster:A315M,1.6020599913279623,-0.5931365489959717
esm2_ridge,2,VUXRF,cluster:AJCVH,1.7344797894255772,1.9777565002441406
esm2_ridge,2,VVNZ5,cluster:AJCVH,1.8016780590358932,1.813649296760559
esm2_ridge,2,W1X8H,cluster:T7XX8,1.768786046908014,2.1251463890075684
esm2_ridge,2,W8LAG,cluster:5LCAQ,1.3697722885969628,1.4776469469070435
esm2_ridge,2,WBU2Y,cluster:AJCVH,1.7182525000977507,1.6616679430007935
esm2_ridge,2,WSRVG,cluster:V6A1P,0.8715729355458788,-0.796967625617981
esm2_ridge,2,WVV8W,cluster:5YBHO,2.031408464251624,2.4651684761047363
esm2_ridge,2,YJY7C,cluster:AJCVH,0.9339931638312423,1.8624404668807983
esm2_ridge,2,YLRRG,cluster:AJCVH,1.4116197059632303,2.090893268585205
esm2_ridge,2,ZS5CR,cluster:T7XX8,1.2174839442139063,2.549300193786621
esm2_ridge,3,162KQ,cluster:6LRFZ,1.455149521179828,2.0497140884399414
esm2_ridge,3,1B7TK,cluster:1B7TK,0.9454685851318197,0.7404568195343018
esm2_ridge,3,1M48O,cluster:1M48O,1.0253058652647702,2.5905396938323975
esm2_ridge,3,21E2G,cluster:21E2G,1.5485122563410354,2.1378235816955566
esm2_ridge,3,21PQ5,cluster:21PQ5,1.8790958795000727,0.6349927186965942
esm2_ridge,3,2EG15,cluster:2EG15,0.8992731873176038,0.6163876056671143
esm2_ridge,3,2HEJS,cluster:6LRFZ,1.4913616938342726,1.4424962997436523
esm2_ridge,3,2P4CB,cluster:437NM,1.530199698203082,1.4691932201385498
esm2_ridge,3,31NFQ,cluster:6LRFZ,1.7424894645817752,3.2807955741882324
esm2_ridge,3,37XMD,cluster:6LRFZ,1.885134966063434,1.2981871366500854
esm2_ridge,3,3G1CL,cluster:2EG15,1.165244326125311,0.5645760297775269
esm2_ridge,3,3KHK4,cluster:437NM,1.252367514459899,1.403174877166748
esm2_ridge,3,42Q3E,cluster:6LRFZ,1.3040594662175993,1.6739314794540405
esm2_ridge,3,437NM,cluster:437NM,1.2278867046136734,1.270126461982727
esm2_ridge,3,4JYN3,cluster:6LRFZ,0.02530586526477026,1.2882392406463623
esm2_ridge,3,4UCC6,cluster:6LRFZ,1.9807303765359454,3.179720878601074
esm2_ridge,3,52ADP,cluster:6LRFZ,1.3298045221640695,1.6727806329727173
esm2_ridge,3,6LRFZ,cluster:6LRFZ,1.1939589780191868,0.9088024497032166
esm2_ridge,3,7AJCQ,cluster:7AJCQ,0.06069784035361165,2.1016006469726562
esm2_ridge,3,7GO5D,cluster:7GO5D,2.0752549005329,0.03455197811126709
esm2_ridge,3,7P38V,cluster:6LRFZ,1.9124877613323237,1.8172986507415771
esm2_ridge,3,87UEF,cluster:6LRFZ,1.4517864355242902,1.2439020872116089
esm2_ridge,3,886AH,cluster:ESQ8O,1.7876021461823375,0.8344888687133789
esm2_ridge,3,8XMCL,cluster:8XMCL,1.4871383754771865,2.3688955307006836
esm2_ridge,3,9BOLR,cluster:DOU4X,2.152441238058955,2.130134105682373
esm2_ridge,3,9FQLJ,cluster:7GO5D,1.9169800473203822,0.6589564085006714
esm2_ridge,3,9KH59,cluster:6LRFZ,1.387033701282363,1.6629607677459717
esm2_ridge,3,9U6KU,cluster:6LRFZ,1.9017306917292187,1.8532419204711914
esm2_ridge,3,AJLWS,cluster:2EG15,0.8438554226231612,0.7102254629135132
esm2_ridge,3,ASSY9,cluster:6LRFZ,1.7435097647284297,1.5229034423828125
esm2_ridge,3,AW33C,cluster:21PQ5,1.250420002308894,-0.3256298303604126
esm2_ridge,3,AYRSR,cluster:1B7TK,0.5301996982030822,0.822593092918396
esm2_ridge,3,B1GJH,cluster:21E2G,1.1176026916900843,2.123244285583496
esm2_ridge,3,BQFPM,cluster:6LRFZ,1.8066547239918604,1.2656080722808838
esm2_ridge,3,CQ4QL,cluster:6LRFZ,1.5409548089261327,1.3208187818527222
esm2_ridge,3,D87D7,cluster:6LRFZ,1.7987887139512493,1.7893650531768799
esm2_ridge,3,DGXFA,cluster:2EG15,0.8633228601204559,0.49689388275146484
esm2_ridge,3,DKEXK,cluster:6LRFZ,2.054153240345694,1.595064401626587
esm2_ridge,3,DOGBN,cluster:6LRFZ,1.3710678622717363,1.9048898220062256
esm2_ridge,3,DOU4X,cluster:DOU4X,2.166726055580052,6.462130069732666
esm2_ridge,3,DP999,cluster:1B7TK,1.1218879851036812,0.6536778211593628
esm2_ridge,3,DSZCH,cluster:6LRFZ,1.230959555748569,0.47164249420166016
esm2_ridge,3,DVDZZ,cluster:WH633,0.8494194137968994,1.529603123664856
esm2_ridge,3,ESQ8O,cluster:ESQ8O,1.8004421213362567,1.154341220855713
esm2_ridge,3,F3GZ1,cluster:6LRFZ,1.5686709780098966,1.807021141052246
esm2_ridge,3,FM4GO,cluster:6LRFZ,1.360971883725936,1.974044919013977
esm2_ridge,3,FM76L,cluster:6LRFZ,1.5477747053878226,1.7136318683624268
esm2_ridge,3,FRRJW,cluster:ESQ8O,1.7180862947830917,0.7881884574890137
esm2_ridge,3,FWVH2,cluster:1M48O,1.7902147702439792,2.2148447036743164
esm2_ridge,3,GCOU1,cluster:1B7TK,0.9670797341444971,0.6873766183853149
esm2_ridge,3,GE6KO,cluster:6LRFZ,1.3710678622717363,1.40338134765625
esm2_ridge,3,GGUJF,cluster:6LRFZ,1.9242792860618816,1.55117928981781
esm2_ridge,3,GNJK5,cluster:1B7TK,0.9454685851318197,0.8947685956954956
esm2_ridge,3,GZU2E,cluster:6LRFZ,1.6894864483642478,0.663559079170227
esm2_ridge,3,H93B4,cluster:7GO5D,1.8442907432543432,0.8482927083969116
esm2_ridge,3,HO9GG,cluster:1B7TK,0.9982593384236987,0.5023913383483887
esm2_ridge,3,HXBWE,cluster:HXBWE,0.08278537031645007,1.7368086576461792
esm2_ridge,3,JB7SD,cluster:6LRFZ,0.7923916894982539,1.7357124090194702
esm2_ridge,3,JVB9K,cluster:DOU4X,2.1645907601902237,1.6404088735580444
esm2_ridge,3,JVUSZ,cluster:21PQ5,1.8309092995464433,-0.4871143102645874
esm2_ridge,3,K782G,cluster:6LRFZ,1.6358856852812727,0.6514548063278198
esm2_ridge,3,KECCG,cluster:21E2G,1.3928727454020795,2.375096321105957
esm2_ridge,3,KETFB,cluster:8XMCL,1.5954962218255742,2.9702563285827637
esm2_ridge,3,L1ZEW,cluster:6LRFZ,1.299725153975637,1.1745104789733887
esm2_ridge,3,L3C27,cluster:6LRFZ,1.6595359071542164,1.7985237836837769
esm2_ridge,3,LQXJ6,cluster:21PQ5,1.6616234092292301,-0.44984710216522217
esm2_ridge,3,LY1S9,cluster:6LRFZ,0.8115750058705934,0.8202821016311646
esm2_ridge,3,MNH1D,cluster:6LRFZ,0.8344207036815325,1.044180989265442
esm2_ridge,3,MQNBX,cluster:21E2G,1.8628466599829387,1.9658491611480713
esm2_ridge,3,MX4SD,cluster:6LRFZ,1.9738203243526837,1.080491542816162
esm2_ridge,3,N3G27,cluster:2EG15,1.0374264979406236,0.9143707752227783
esm2_ridge,3,N6WUS,cluster:N6WUS,1.7352794480604568,0.7930985689163208
esm2_ridge,3,NC216,cluster:NC216,0.7118072290411911,-0.5659862756729126
esm2_ridge,3,O2UFD,cluster:6LRFZ,1.2201080880400552,1.632677674293518
esm2_ridge,3,OB7P5,cluster:6LRFZ,1.5864747785713966,0.9884167909622192
esm2_ridge,3,OOLCX,cluster:WH633,0.7930916001765802,1.964290976524353
esm2_ridge,3,OX75X,cluster:2EG15,0.829946695941636,0.740028977394104
esm2_ridge,3,OYSEV,cluster:7GO5D,1.1379867327235316,1.2291640043258667
esm2_ridge,3,OZEBT,cluster:2EG15,0.9849771264154934,0.6461398601531982
esm2_ridge,3,PG1ZQ,cluster:WH633,0.651278013998144,0.39358627796173096
esm2_ridge,3,PGG5S,cluster:7GO5D,1.9832653525665453,1.1167348623275757
esm2_ridge,3,PRMX6,cluster:6LRFZ,1.7488080049586023,1.0195987224578857
esm2_ridge,3,PV8DK,cluster:2EG15,0.8530895298518656,0.5293859243392944
esm2_ridge,3,Q31FH,cluster:6LRFZ,1.9441864612836874,1.5741653442382812
esm2_ridge,3,Q6V69,cluster:1B7TK,0.7185016888672743,0.8697772026062012
esm2_ridge,3,QKBVG,cluster:6LRFZ,0.11058971029924898,0.8271369934082031
esm2_ridge,3,QTBVW,cluster:6LRFZ,1.7558748556724915,1.8887529373168945
esm2_ridge,3,RAKQZ,cluster:2EG15,1.165244326125311,0.6932414770126343
esm2_ridge,3,RHTPG,cluster:6LRFZ,1.5417040232842885,1.278828740119934
esm2_ridge,3,RK5BV,cluster:21E2G,1.7366354976868212,2.0661728382110596
esm2_ridge,3,SXSQ9,cluster:6LRFZ,1.08278537031645,1.3173010349273682
esm2_ridge,3,T33XW,cluster:WH633,0.568201724066995,0.3155597448348999
esm2_ridge,3,TP5Z2,cluster:6LRFZ,1.64018319192134,1.7830203771591187
esm2_ridge,3,TUP2T,cluster:2EG15,0.8260748027008264,0.679579496383667
esm2_ridge,3,UVP48,cluster:WH633,0.7909884750888159,2.0248236656188965
esm2_ridge,3,VAQHD,cluster:21E2G,0.9100905455940681,2.2944536209106445
esm2_ridge,3,VDDDT,cluster:N6WUS,1.658393026279124,1.0242581367492676
esm2_ridge,3,VKDX5,cluster:DOU4X,2.1673468775856355,2.620486259460449
esm2_ridge,3,VVQ8D,cluster:WH633,0.8234742291703011,1.307219386100769
esm2_ridge,3,W4PW7,cluster:WH633,0.8543060418010806,1.1958197355270386
esm2_ridge,3,WH633,cluster:WH633,0.8208579894396999,0.24554693698883057
esm2_ridge,3,WLCQP,cluster:6LRFZ,1.4207806195485655,1.695939064025879
esm2_ridge,3,WLNHW,cluster:21PQ5,1.7218106152125465,-0.49856626987457275
esm2_ridge,3,WV3Q7,cluster:6LRFZ,1.7160033436347992,1.6631314754486084
esm2_ridge,3,WZXU4,cluster:WZXU4,0.20682587603184968,1.4809068441390991
esm2_ridge,3,X1DTP,cluster:2EG15,1.04883008652835,1.0824106931686401
esm2_ridge,3,XJO9Z,cluster:6LRFZ,1.4927603890268375,1.6016100645065308
esm2_ridge,3,XKDOQ,cluster:6LRFZ,1.3740147402919116,1.3520013093948364
esm2_ridge,3,YG5WM,cluster:YG5WM,1.0788191830988487,0.4720606803894043
esm2_ridge,3,YHJV5,cluster:1B7TK,1.1218879851036812,0.7916758060455322
esm2_ridge,3,ZZHSE,cluster:WH633,0.8488047010518037,1.108486294746399
esm2_ridge,4,134NN,cluster:134NN,1.6080979463252796,1.834824800491333
esm2_ridge,4,13ANW,cluster:1LT8G,0.6063813651106049,0.8008906245231628
esm2_ridge,4,1KUE6,cluster:1KUE6,1.1763806922432705,1.1045665740966797
esm2_ridge,4,1LT8G,cluster:1LT8G,1.1583624920952498,0.9997302889823914
esm2_ridge,4,26VNF,cluster:1LT8G,1.2319790268315043,1.6855885982513428
esm2_ridge,4,2D7XF,cluster:1LT8G,1.4289442900355744,1.4298465251922607
esm2_ridge,4,2DGCJ,cluster:1LT8G,1.4122925093230465,1.6898410320281982
esm2_ridge,4,2ERUG,cluster:1LT8G,1.2683439139510646,0.6006699204444885
esm2_ridge,4,39D4R,cluster:1LT8G,1.4752352226041283,0.7080364227294922
esm2_ridge,4,3FC3D,cluster:1LT8G,0.7032913781186614,0.4463232159614563
esm2_ridge,4,3PP3A,cluster:1LT8G,0.9052560487484512,0.803146243095398
esm2_ridge,4,3Z9FM,cluster:1LT8G,1.608526033577194,1.3524048328399658
esm2_ridge,4,4E21X,cluster:1LT8G,1.484014962667563,0.7499249577522278
esm2_ridge,4,4LKQ5,cluster:VWTNO,1.3271545124094315,2.233837842941284
esm2_ridge,4,4QJ63,cluster:1LT8G,1.4320066872695982,0.5735522508621216
esm2_ridge,4,4XHVQ,cluster:4XHVQ,2.079325986752815,1.2995336055755615
esm2_ridge,4,54XX1,cluster:1LT8G,1.404149249209695,0.9977136254310608
esm2_ridge,4,55FPY,cluster:1KUE6,0.9100905455940681,0.9945574998855591
esm2_ridge,4,5GJX3,cluster:1LT8G,1.795741020869244,1.471347689628601
esm2_ridge,4,5H7QY,cluster:4XHVQ,2.137100804579123,2.0866804122924805
esm2_ridge,4,5HD4W,cluster:1LT8G,1.5229655954919865,0.9124481678009033
esm2_ridge,4,5TSUE,cluster:5TSUE,0.029383777685209667,1.4313390254974365
esm2_ridge,4,5ULGG,cluster:5ULGG,1.6065963091792852,1.8349761962890625
esm2_ridge,4,5X9A8,cluster:1LT8G,1.721150843749684,1.2713589668273926
esm2_ridge,4,6F9A8,cluster:1LT8G,0.8129133566428556,0.9577127695083618
esm2_ridge,4,71X7X,cluster:4XHVQ,2.172807188369087,1.4759411811828613
esm2_ridge,4,77HQK,cluster:1LT8G,0.9656719712201067,0.9204140305519104
esm2_ridge,4,7DEM9,cluster:TC87V,1.845098040014257,1.258680820465088
esm2_ridge,4,7EWEM,cluster:1LT8G,1.243781916093795,1.1868497133255005
esm2_ridge,4,7FXGZ,cluster:1LT8G,0.7160033436347992,1.441182255744934
esm2_ridge,4,7UFQR,cluster:1LT8G,1.4632956099620027,1.1325454711914062
esm2_ridge,4,7WEWT,cluster:1KUE6,0.9263424466256551,0.8107129335403442
esm2_ridge,4,7XHKJ,cluster:7XHKJ,0.17897694729316943,4.04830265045166
esm2_ridge,4,85KA4,cluster:TC87V,1.7836892363473165,0.4708945155143738
esm2_ridge,4,8MJ78,cluster:1LT8G,1.6428600525844914,0.9662247896194458
esm2_ridge,4,95LHQ,cluster:4XHVQ,2.1437952038457664,2.1006622314453125
esm2_ridge,4,9EUJH,cluster:1LT8G,0.7209857441537391,0.7559499144554138
esm2_ridge,4,9S2ZE,cluster:1LT8G,0.8175653695597808,1.5309549570083618
esm2_ridge,4,A8BXL,cluster:134NN,1.7023443583557687,0.8456597924232483
esm2_ridge,4,A8RF9,cluster:1LT8G,1.5737995822157407,1.6300243139266968
esm2_ridge,4,ACXOE,cluster:ACXOE,1.8719813538433694,-1.1693966388702393
esm2_ridge,4,AHNXC,cluster:1LT8G,1.796851749049887,1.3642014265060425
esm2_ridge,4,AJJAK,cluster:1LT8G,0.7092699609758307,1.081512451171875
esm2_ridge,4,AQ2DU,cluster:VWTNO,0.3344537511509309,0.7644634246826172
esm2_ridge,4,BFJKS,cluster:1LT8G,1.5284024379536174,1.6232318878173828
esm2_ridge,4,BH9MB,cluster:ACXOE,2.205583258640754,-1.4059271812438965
esm2_ridge,4,BRFP4,cluster:1LT8G,1.3710678622717363,1.6914546489715576
esm2_ridge,4,C2N5S,cluster:1LT8G,0.6434526764861874,0.8534166812896729
esm2_ridge,4,DBBO8,cluster:1LT8G,1.414973347970818,1.4959375858306885
esm2_ridge,4,DKZQ7,cluster:1LT8G,0.9370161074648142,1.4948949813842773
esm2_ridge,4,DTAXR,cluster:1LT8G,0.7403626894942439,1.1558482646942139
esm2_ridge,4,DX3TE,cluster:5TSUE,0.029383777685209667,1.411860704421997
esm2_ridge,4,E3FDV,cluster:1LT8G,1.4008832155483628,0.6627322435379028
esm2_ridge,4,F35B7,cluster:1LT8G,1.8882918453565154,0.5059592723846436
esm2_ridge,4,G5OWS,cluster:1LT8G,1.7488080049586023,1.7229816913604736
esm2_ridge,4,G9U12,cluster:1LT8G,1.5696079675468244,1.6544203758239746
esm2_ridge,4,GLJ6S,cluster:1LT8G,0.5440680443502757,1.816414713859558
esm2_ridge,4,GSP4M,cluster:VWTNO,0.3873898263387294,1.0084002017974854
esm2_ridge,4,HGBNQ,cluster:P2GXH,1.5237464668115646,-0.6038661003112793
esm2_ridge,4,HMK8R,cluster:134NN,1.813247300897605,1.9245872497558594
esm2_ridge,4,JOHLM,cluster:VWTNO,1.209783014848515,2.5422980785369873
esm2_ridge,4,JS116,cluster:5TSUE,0.00860017176191757,1.4308100938796997
esm2_ridge,4,JS838,cluster:1LT8G,1.2201080880400552,1.181641697883606
esm2_ridge,4,KEBCT,cluster:4XHVQ,2.042260406689452,1.1240910291671753
esm2_ridge,4,LF3LJ,cluster:1LT8G,1.5341530741850626,0.9964335560798645
esm2_ridge,4,LG377,cluster:1LT8G,0.8331471119127851,0.8518767356872559
esm2_ridge,4,LNY1F,cluster:VWTNO,0.8450980400142568,1.3005475997924805
esm2_ridge,4,LP3PQ,cluster:VWTNO,0.11394335230683679,1.1591991186141968
esm2_ridge,4,M59JJ,cluster:1LT8G,1.077731179652392,1.096853494644165
esm2_ridge,4,MZMFB,cluster:1LT8G,1.7678976160180906,1.569272756576538
esm2_ridge,4,NENVO,cluster:NENVO,0.8680563618230416,-0.048421621322631836
esm2_ridge,4,NLF4R,cluster:1LT8G,0.670245853074124,1.2006378173828125
esm2_ridge,4,OADBJ,cluster:1LT8G,1.376576957056512,1.1709091663360596
esm2_ridge,4,OAKV5,cluster:1LT8G,1.4163075870598825,1.2359881401062012
esm2_ridge,4,OORFP,cluster:P2GXH,1.0261245167454502,0.2983739376068115
esm2_ridge,4,OSFMK,cluster:OSFMK,1.5059635180181261,0.8650376796722412
esm2_ridge,4,P2GXH,cluster:P2GXH,1.717670503002262,-0.13121891021728516
esm2_ridge,4,PGSB7,cluster:PGSB7,0.00860017176191757,0.3862490653991699
esm2_ridge,4,PL2EH,cluster:PL2EH,0.004321373782642578,0.2284691333770752
esm2_ridge,4,Q2ZO7,cluster:1LT8G,1.3636119798921444,1.2588075399398804
esm2_ridge,4,Q5DYR,cluster:1KUE6,1.1316186643491255,0.9265495538711548
esm2_ridge,4,Q8TQ6,cluster:1LT8G,0.3364597338485295,0.8229649066925049
esm2_ridge,4,Q8WTP,cluster:4XHVQ,2.1043163645117278,1.5225160121917725
esm2_ridge,4,QGZZT,cluster:VWTNO,1.119585774961784,2.4954934120178223
esm2_ridge,4,QJV5C,cluster:1LT8G,1.7845459740545226,0.8253024816513062
esm2_ridge,4,QUVLA,cluster:5TSUE,0.037426497940623665,1.2304880619049072
esm2_ridge,4,RATTD,cluster:1LT8G,0.9912260756924949,-0.5024911165237427
esm2_ridge,4,REVUQ,cluster:1LT8G,0.4014005407815441,0.6848172545433044
esm2_ridge,4,ROTAL,cluster:PL2EH,0.004321373782642578,-0.5285295248031616
esm2_ridge,4,RR1M4,cluster:134NN,1.5046067706419537,2.1467177867889404
esm2_ridge,4,RTMMX,cluster:1LT8G,1.1495270137543478,1.3105233907699585
esm2_ridge,4,RU9EF,cluster:1LT8G,0.7339992865383869,1.762069821357727
esm2_ridge,4,S4HC8,cluster:1LT8G,1.6901960800285136,1.5299901962280273
esm2_ridge,4,S6A7A,cluster:1LT8G,1.2776092143040911,0.7125592231750488
esm2_ridge,4,T5A9C,cluster:T5A9C,1.7958105246674083,1.763514757156372
esm2_ridge,4,T9G4X,cluster:1LT8G,0.9415114326344031,0.9254451990127563
esm2_ridge,4,TC87V,cluster:TC87V,1.7531999141994161,0.6206299066543579
esm2_ridge,4,TDA9A,cluster:TDA9A,1.2743887955503788,-0.11768472194671631
esm2_ridge,4,TL112,cluster:1LT8G,1.4969296480732148,1.5864304304122925
esm2_ridge,4,UQCHR,cluster:1LT8G,1.5211380837040362,1.5072109699249268
esm2_ridge,4,UQH8C,cluster:1LT8G,1.2683439139510646,1.539258599281311
esm2_ridge,4,VWTNO,cluster:VWTNO,0.8692317197309762,0.916095495223999
esm2_ridge,4,VXEVZ,cluster:1LT8G,1.3494717992143856,1.062218189239502
esm2_ridge,4,W34KB,cluster:1LT8G,1.3382572302462556,1.6943196058273315
esm2_ridge,4,W7ZR3,cluster:W7ZR3,1.7326349675391959,1.398760199546814
esm2_ridge,4,WHKL9,cluster:5TSUE,0.037426497940623665,1.304722785949707
esm2_ridge,4,WRF55,cluster:1LT8G,1.2000292665537702,1.5559124946594238
esm2_ridge,4,XQCPX,cluster:1LT8G,1.4387005329007363,1.0974113941192627
esm2_ridge,4,Z3GLX,cluster:1LT8G,1.1448854182871424,1.0998432636260986
esm2_ridge,4,Z97VJ,cluster:4XHVQ,2.199124114623325,1.710855484008789
esm2_ridge,4,ZO7NN,cluster:1LT8G,1.523486332343228,0.7309658527374268
esm2_ridge,4,ZOL96,cluster:VWTNO,0.08635983067474821,1.176944375038147
esm2_ridge,5,1K2R7,cluster:WQUOO,1.4281347940287887,1.5705981254577637
esm2_ridge,5,1LZV9,cluster:WQUOO,0.8633228601204559,1.8525363206863403
esm2_ridge,5,1Q7JU,cluster:WQUOO,1.4857214264815801,1.9806352853775024
esm2_ridge,5,1XF1B,cluster:WQUOO,1.3170181010481115,1.981054425239563
esm2_ridge,5,243P7,cluster:WQUOO,1.368472838440362,1.978683352470398
esm2_ridge,5,27HOS,cluster:WQUOO,1.146128035678238,1.6760807037353516
esm2_ridge,5,2A3U4,cluster:WQUOO,0.6454222693490919,1.356905221939087
esm2_ridge,5,2KWB9,cluster:WQUOO,1.6494322232416165,1.0883365869522095
esm2_ridge,5,2V75Y,cluster:WQUOO,1.5314789170422551,2.1669864654541016
esm2_ridge,5,2VONA,cluster:WQUOO,0.7092699609758307,2.012970209121704
esm2_ridge,5,37ZRR,cluster:WQUOO,1.5547313766759665,1.8942325115203857
esm2_ridge,5,3Q37R,cluster:WQUOO,1.8485585721237634,1.5503965616226196
esm2_ridge,5,49YLM,cluster:WQUOO,1.5543680009900875,1.9673843383789062
esm2_ridge,5,4GMRC,cluster:WQUOO,1.6494322232416165,1.156189203262329
esm2_ridge,5,4OC6N,cluster:WQUOO,1.1176026916900843,1.3660609722137451
esm2_ridge,5,4VSRL,cluster:WQUOO,1.5024271199844328,2.0565011501312256
esm2_ridge,5,4Z641,cluster:WQUOO,1.9312544064164134,1.448194980621338
esm2_ridge,5,4Z6XY,cluster:WQUOO,1.2875778090787053,1.9111294746398926
esm2_ridge,5,514KE,cluster:WQUOO,1.2889196056617265,1.7105512619018555
esm2_ridge,5,59R1F,cluster:WQUOO,1.1139433523068367,1.9136449098587036
esm2_ridge,5,5E826,cluster:WQUOO,1.4183012913197455,1.758998990058899
esm2_ridge,5,5NY15,cluster:WQUOO,0.900913067737669,1.7137219905853271
esm2_ridge,5,5WSHL,cluster:WQUOO,0.6384892569546373,1.9233843088150024
esm2_ridge,5,671NA,cluster:WQUOO,0.17609125905568124,1.972861886024475
esm2_ridge,5,6E1ER,cluster:WQUOO,1.161966616364075,1.6840447187423706
esm2_ridge,5,6KPKA,cluster:WQUOO,1.1690863574870227,1.9296835660934448
esm2_ridge,5,6O8HW,cluster:WQUOO,0.787460474518415,1.8659954071044922
esm2_ridge,5,6ORKJ,cluster:WQUOO,1.4548448600085102,1.9353737831115723
esm2_ridge,5,6VP2A,cluster:WQUOO,1.8309092995464433,1.779961109161377
esm2_ridge,5,6VV9O,cluster:WQUOO,1.0461047872460387,1.6741602420806885
esm2_ridge,5,7AV5G,cluster:WQUOO,1.4608978427565478,1.7884798049926758
esm2_ridge,5,7G47U,cluster:WQUOO,1.5412046906832584,2.0115556716918945
esm2_ridge,5,7QYHY,cluster:WQUOO,1.1687920203141817,1.9034068584442139
esm2_ridge,5,7ZG25,cluster:WQUOO,1.320354032817672,1.6188157796859741
esm2_ridge,5,8DNLG,cluster:WQUOO,1.6617180576946593,1.7503838539123535
esm2_ridge,5,8RSXF,cluster:WQUOO,0.9670797341444971,1.9081435203552246
esm2_ridge,5,963OH,cluster:WQUOO,1.3827372657613304,1.5269439220428467
esm2_ridge,5,9ALF8,cluster:WQUOO,1.3117538610557542,2.4825243949890137
esm2_ridge,5,9CEJ5,cluster:WQUOO,0.9459607035775686,2.033022880554199
esm2_ridge,5,9H4UT,cluster:WQUOO,1.7057782128285977,2.0267534255981445
esm2_ridge,5,9HU84,cluster:WQUOO,0.6384892569546373,1.7176997661590576
esm2_ridge,5,9KYTB,cluster:WQUOO,1.3873898263387294,1.8221806287765503
esm2_ridge,5,9PBZV,cluster:WQUOO,0.47712125471966244,2.2072200775146484
esm2_ridge,5,A2OWC,cluster:WQUOO,1.374565060722765,1.89414644241333
esm2_ridge,5,A6N87,cluster:WQUOO,1.150756439860309,2.025979518890381
esm2_ridge,5,AD4BK,cluster:WQUOO,1.6031443726201824,1.8988337516784668
esm2_ridge,5,AQACH,cluster:WQUOO,1.908913740020971,1.9515089988708496
esm2_ridge,5,B28N7,cluster:WQUOO,1.3926969532596658,1.8127315044403076
esm2_ridge,5,B4SOW,cluster:WQUOO,1.7415455167762095,1.7165472507476807
esm2_ridge,5,B6J33,cluster:WQUOO,1.5587085705331658,2.0330095291137695
esm2_ridge,5,B72B1,cluster:WQUOO,0.7831886910752576,2.1846113204956055
esm2_ridge,5,B8S8J,cluster:WQUOO,0.6739419986340879,1.5549745559692383
esm2_ridge,5,BJRSJ,cluster:WQUOO,1.5520595341878844,1.9707940816879272
esm2_ridge,5,BKD94,cluster:WQUOO,1.1430148002540952,1.627209186553955
esm2_ridge,5,BL164,cluster:WQUOO,1.5118833609788744,1.7103970050811768
esm2_ridge,5,BSK5M,cluster:WQUOO,1.110252917353403,1.7507635354995728
esm2_ridge,5,BU5R3,cluster:WQUOO,0.6627578316815741,1.5335102081298828
esm2_ridge,5,C5EUY,cluster:WQUOO,1.9409644934927994,1.6504558324813843
esm2_ridge,5,CGRMD,cluster:WQUOO,1.9608986773266608,1.8055797815322876
esm2_ridge,5,CVUYM,cluster:WQUOO,1.4418521757732918,1.83139967918396
esm2_ridge,5,D4OFQ,cluster:WQUOO,0.5024271199844327,1.7104649543762207
esm2_ridge,5,D7L1L,cluster:WQUOO,0.3729120029701066,1.4380431175231934
esm2_ridge,5,D7QYG,cluster:WQUOO,1.3457656931144881,2.4455952644348145
esm2_ridge,5,D9JZ4,cluster:WQUOO,1.4252080511386562,1.0384447574615479
esm2_ridge,5,DF1S4,cluster:WQUOO,1.4329692908744058,1.2707549333572388
esm2_ridge,5,DO6Z1,cluster:WQUOO,0.28330122870354957,1.9107491970062256
esm2_ridge,5,DVMQ7,cluster:WQUOO,1.276921132065774,1.5372390747070312
esm2_ridge,5,EEJ9Q,cluster:WQUOO,1.3176455432211587,1.7261439561843872
esm2_ridge,5,EG3EK,cluster:WQUOO,1.1760912590556813,1.039335012435913
esm2_ridge,5,F9HKG,cluster:WQUOO,0.5563025007672873,1.261244535446167
esm2_ridge,5,FE6UX,cluster:WQUOO,1.9910931080488874,1.5365653038024902
esm2_ridge,5,G1VL1,cluster:WQUOO,1.8709888137605752,1.5397651195526123
esm2_ridge,5,G4VP2,cluster:WQUOO,1.2913688504515826,1.8850748538970947
esm2_ridge,5,GB9EO,cluster:WQUOO,1.843108141999607,1.6515488624572754
esm2_ridge,5,GHBKT,cluster:WQUOO,1.3271545124094315,1.742095947265625
esm2_ridge,5,GJETS,cluster:WQUOO,1.54282542695918,1.6313529014587402
esm2_ridge,5,GLAD6,cluster:WQUOO,1.6031443726201824,1.8809726238250732
esm2_ridge,5,GQRF2,cluster:WQUOO,1.4548448600085102,2.002548933029175
esm2_ridge,5,H99SX,cluster:WQUOO,1.7114697818743279,1.6004376411437988
esm2_ridge,5,HFE84,cluster:WQUOO,1.250420002308894,1.7915335893630981
esm2_ridge,5,HUE6V,cluster:WQUOO,1.9503648543761232,1.8339790105819702
esm2_ridge,5,HXP5A,cluster:WQUOO,1.6443400988263226,1.8414050340652466
esm2_ridge,5,J2JWA,cluster:WQUOO,1.2347702951609165,1.7863266468048096
esm2_ridge,5,J325F,cluster:WQUOO,1.2299376859079338,1.9486292600631714
esm2_ridge,5,J59TV,cluster:WQUOO,1.734399742520567,1.905712366104126
esm2_ridge,5,JJV3D,cluster:WQUOO,1.7114697818743279,1.6248022317886353
esm2_ridge,5,JM7JP,cluster:WQUOO,0.16136800223497488,1.4575824737548828
esm2_ridge,5,JY7XC,cluster:WQUOO,1.5444401373176924,1.4840387105941772
esm2_ridge,5,JYYJ1,cluster:WQUOO,1.2533380053261065,1.9091532230377197
esm2_ridge,5,KBERH,cluster:WQUOO,1.4082399653118496,1.5371838808059692
esm2_ridge,5,KSK4V,cluster:WQUOO,1.437750562820388,1.811245322227478
esm2_ridge,5,LDZC9,cluster:WQUOO,0.7024305364455253,2.120020866394043
esm2_ridge,5,LKB4E,cluster:WQUOO,0.8413594704548549,2.138599395751953
esm2_ridge,5,LS1K6,cluster:WQUOO,1.496376054012401,1.8582851886749268
esm2_ridge,5,MGNCD,cluster:WQUOO,0.9232440186302765,2.0181849002838135
esm2_ridge,5,MLHQR,cluster:WQUOO,1.8536982117761744,2.210317850112915
esm2_ridge,5,MRKZY,cluster:WQUOO,1.4471580313422192,1.6210851669311523
esm2_ridge,5,MVN8T,cluster:WQUOO,1.1622656142980214,1.6950327157974243
esm2_ridge,5,N6ZHS,cluster:WQUOO,1.7805333253164044,1.7952423095703125
esm2_ridge,5,NLY5P,cluster:WQUOO,1.437750562820388,1.8236700296401978
esm2_ridge,5,NOX8W,cluster:WQUOO,0.424881636631067,1.6248277425765991
esm2_ridge,5,OMA2X,cluster:WQUOO,0.9084850188786497,1.9137418270111084
esm2_ridge,5,ORBRD,cluster:WQUOO,1.343802333161655,1.8653805255889893
esm2_ridge,5,P38Q4,cluster:WQUOO,1.212187604403958,1.8799595832824707
esm2_ridge,5,PF2S1,cluster:WQUOO,1.891425942847994,1.306213140487671
esm2_ridge,5,Q7WVB,cluster:WQUOO,1.9708116108725178,1.4303176403045654
esm2_ridge,5,QKFJN,cluster:WQUOO,1.5390760987927767,1.8258419036865234
esm2_ridge,5,QPK3T,cluster:WQUOO,0.8633228601204559,1.9403002262115479
esm2_ridge,5,QS3XQ,cluster:WQUOO,1.6058435390580892,1.8984510898590088
esm2_ridge,5,QX7D1,cluster:WQUOO,1.2638726768652235,1.6721819639205933
esm2_ridge,5,R9NL8,cluster:WQUOO,1.53832233323144,1.8070812225341797
esm2_ridge,5,RDRFL,cluster:WQUOO,0.9822712330395684,1.820863127708435
esm2_ridge,5,RFW2X,cluster:WQUOO,0.6757783416740851,2.009812116622925
esm2_ridge,5,RYFE4,cluster:WQUOO,1.9345994382180731,1.6839191913604736
esm2_ridge,5,SBLM5,cluster:WQUOO,1.6987962517904311,1.6976888179779053
esm2_ridge,5,SDS4K,cluster:WQUOO,0.800717078282385,1.9657747745513916
esm2_ridge,5,SGW8V,cluster:WQUOO,1.2720737875000099,1.1555132865905762
esm2_ridge,5,SSTDU,cluster:WQUOO,1.2638726768652235,1.5292472839355469
esm2_ridge,5,SXYKQ,cluster:WQUOO,1.6227319651647192,1.2308391332626343
esm2_ridge,5,SY6TH,cluster:WQUOO,1.7611758131557314,1.8691456317901611
esm2_ridge,5,SZYEK,cluster:WQUOO,1.7601207852645675,1.6966333389282227
esm2_ridge,5,T23T9,cluster:WQUOO,1.06707085604537,1.8208949565887451
esm2_ridge,5,T972V,cluster:WQUOO,1.2187979981117376,1.964931607246399
esm2_ridge,5,THWKH,cluster:WQUOO,0.7474118078864233,2.0433268547058105
esm2_ridge,5,TPB93,cluster:WQUOO,1.5643109099606027,1.4937310218811035
esm2_ridge,5,TR5BB,cluster:WQUOO,1.5211380837040362,1.8906567096710205
esm2_ridge,5,TUONH,cluster:WQUOO,1.235528446907549,1.4516185522079468
esm2_ridge,5,TWJXO,cluster:WQUOO,1.5538830266438743,1.858137607574463
esm2_ridge,5,TZ5KN,cluster:WQUOO,1.4320066872695982,1.8437862396240234
esm2_ridge,5,UDAAK,cluster:WQUOO,1.4653828514484182,1.8875436782836914
esm2_ridge,5,UNETX,cluster:WQUOO,1.8418598097750611,1.6401909589767456
esm2_ridge,5,UOJ8M,cluster:WQUOO,0.9566485792052033,1.3128128051757812
esm2_ridge,5,UPG56,cluster:WQUOO,1.88218288763027,2.0156099796295166
esm2_ridge,5,UQX41,cluster:WQUOO,1.7295697263019698,1.5268036127090454
esm2_ridge,5,V3NZ1,cluster:WQUOO,1.6753199833392922,1.7748193740844727
esm2_ridge,5,V534T,cluster:WQUOO,1.2753113545418118,1.776675820350647
esm2_ridge,5,V7M33,cluster:WQUOO,1.505149978319906,1.7764214277267456
esm2_ridge,5,V7NZK,cluster:WQUOO,1.6468936241677452,2.1489908695220947
esm2_ridge,5,V81JD,cluster:WQUOO,1.1961761850399732,1.2673871517181396
esm2_ridge,5,VE1RL,cluster:WQUOO,1.616160312847583,1.1814639568328857
esm2_ridge,5,VR7EN,cluster:WQUOO,1.7746629225378223,1.5611066818237305
esm2_ridge,5,WCSN6,cluster:WQUOO,1.8296896408989711,1.647831916809082
esm2_ridge,5,WQ6TU,cluster:WQUOO,1.3895204658463773,1.7584724426269531
esm2_ridge,5,WQUOO,cluster:WQUOO,1.7595923086459748,1.354767084121704
esm2_ridge,5,WRK8K,cluster:WQUOO,1.3441957158714348,1.4385526180267334
esm2_ridge,5,XBGJO,cluster:WQUOO,1.3763944420372662,1.80515718460083
esm2_ridge,5,XZJ98,cluster:WQUOO,1.7460111077519258,1.7623170614242554
esm2_ridge,5,YAH6C,cluster:WQUOO,1.5409548089261327,1.8805592060089111
esm2_ridge,5,YUJWJ,cluster:WQUOO,1.7287594751678743,1.694212794303894
esm2_ridge,5,YVJ5E,cluster:WQUOO,1.2041199826559248,1.806614637374878
esm2_ridge,5,YX459,cluster:WQUOO,1.861534410859038,1.3419108390808105
esm2_ridge,5,ZMWEJ,cluster:WQUOO,1.1878026387184193,1.9166390895843506
esm2_ridge,5,ZVV1B,cluster:WQUOO,1.115943176939055,1.842664361000061
esm2_ridge,5,ZWH88,cluster:WQUOO,1.842609239610562,1.9871063232421875
